"assignedtohashkey","assignedtotimestamp","assignedtorecsrc","experimentalunit","groupid"
"370b09ce47655281060c4e019f218b12","30/11/2022 19:36:23.531675","e1523fc1db9119e6942885c28d3c0a9a","c0b290422c3334d3e2880f9b41c77ab1","842d826e29e57f0d3c23fa98a8404a38"
"1168cc0416271f76496ee166a130808d","30/11/2022 19:36:23.531675","e1523fc1db9119e6942885c28d3c0a9a","c0b290422c3334d3e2880f9b41c77ab1","55276c10d84e1df7713b441e76e141f9"
"f7feffe0bfa29903663fbbfe0a69264a","30/11/2022 19:36:23.531675","e1523fc1db9119e6942885c28d3c0a9a","c0b290422c3334d3e2880f9b41c77ab1","7655a938884159455cfa5e5f2664d8a3"
"0758caed73a27239564a114568566804","30/11/2022 19:36:23.531675","e1523fc1db9119e6942885c28d3c0a9a","c0b290422c3334d3e2880f9b41c77ab1","26fcfeaf1421817b3d7659b73bace377"
"1ea87270cc0cc75b8b30cbb01a56284b","30/11/2022 19:36:23.531675","e1523fc1db9119e6942885c28d3c0a9a","553065962c72a797e3e44ab8e90c8317","842d826e29e57f0d3c23fa98a8404a38"
"dbdb812d33b49908368f1edfd033c808","30/11/2022 19:36:23.531675","e1523fc1db9119e6942885c28d3c0a9a","553065962c72a797e3e44ab8e90c8317","55276c10d84e1df7713b441e76e141f9"
"727486d12b8e24f6f0463d8304776be1","30/11/2022 19:36:23.531675","e1523fc1db9119e6942885c28d3c0a9a","553065962c72a797e3e44ab8e90c8317","7655a938884159455cfa5e5f2664d8a3"
"1114afb74bd2b49e802f41265fe29b19","30/11/2022 19:36:23.531675","e1523fc1db9119e6942885c28d3c0a9a","553065962c72a797e3e44ab8e90c8317","26fcfeaf1421817b3d7659b73bace377"
"6dd6c57966b578ed977294a0ea8a16e5","30/11/2022 19:36:23.531675","e1523fc1db9119e6942885c28d3c0a9a","02a2f9c9ae9afa1e2d90565b11d5b29b","842d826e29e57f0d3c23fa98a8404a38"
"11c17c6cd393655da43d0a7441a598c5","30/11/2022 19:36:23.531675","e1523fc1db9119e6942885c28d3c0a9a","02a2f9c9ae9afa1e2d90565b11d5b29b","55276c10d84e1df7713b441e76e141f9"
"72ffdc760535681256d682001c965afe","30/11/2022 19:36:23.531675","e1523fc1db9119e6942885c28d3c0a9a","02a2f9c9ae9afa1e2d90565b11d5b29b","7655a938884159455cfa5e5f2664d8a3"
"44ed8050d90129a4af3b11e9f352e0a9","30/11/2022 19:36:23.531675","e1523fc1db9119e6942885c28d3c0a9a","02a2f9c9ae9afa1e2d90565b11d5b29b","26fcfeaf1421817b3d7659b73bace377"
"7ba59f5032e27beba626a5451687d53d","30/11/2022 19:36:23.531675","e1523fc1db9119e6942885c28d3c0a9a","8db306fa4c93fdb68d89cca1e04f53be","842d826e29e57f0d3c23fa98a8404a38"
"83d5eeab5e3590f41340cc6508872e9e","30/11/2022 19:36:23.531675","e1523fc1db9119e6942885c28d3c0a9a","8db306fa4c93fdb68d89cca1e04f53be","55276c10d84e1df7713b441e76e141f9"
"33ea429617d18049eea1386f4f2029a2","30/11/2022 19:36:23.531675","e1523fc1db9119e6942885c28d3c0a9a","8db306fa4c93fdb68d89cca1e04f53be","7655a938884159455cfa5e5f2664d8a3"
"ed63827cd97a40c8a64ce752850d383c","30/11/2022 19:36:23.531675","e1523fc1db9119e6942885c28d3c0a9a","8db306fa4c93fdb68d89cca1e04f53be","26fcfeaf1421817b3d7659b73bace377"
"3378c7c17a06081ca4edd375348d591e","30/11/2022 19:36:23.531675","e1523fc1db9119e6942885c28d3c0a9a","887b419552d85ea9bdec287aabfaf9e7","842d826e29e57f0d3c23fa98a8404a38"
"4de64c2e7bbd8a702de6fbc04524938d","30/11/2022 19:36:23.531675","e1523fc1db9119e6942885c28d3c0a9a","887b419552d85ea9bdec287aabfaf9e7","55276c10d84e1df7713b441e76e141f9"
"6e04ec6c69ebf5acae4c32935ffe866d","30/11/2022 19:36:23.531675","e1523fc1db9119e6942885c28d3c0a9a","887b419552d85ea9bdec287aabfaf9e7","7655a938884159455cfa5e5f2664d8a3"
"4a355628f57a4ff374e55a89b0b29d4f","30/11/2022 19:36:23.531675","e1523fc1db9119e6942885c28d3c0a9a","887b419552d85ea9bdec287aabfaf9e7","26fcfeaf1421817b3d7659b73bace377"
"e5ad6a50647b87cbcdf3c77a13c750ed","30/11/2022 19:36:23.531675","e1523fc1db9119e6942885c28d3c0a9a","b6d63dc5b360d72996be0abca4a52574","842d826e29e57f0d3c23fa98a8404a38"
"f59930536e5a947a32aa4256ebf841f2","30/11/2022 19:36:23.531675","e1523fc1db9119e6942885c28d3c0a9a","b6d63dc5b360d72996be0abca4a52574","55276c10d84e1df7713b441e76e141f9"
"e933b6964ec2c45971fa62e173dfbb06","30/11/2022 19:36:23.531675","e1523fc1db9119e6942885c28d3c0a9a","b6d63dc5b360d72996be0abca4a52574","7655a938884159455cfa5e5f2664d8a3"
"59792b52377e441c1b49ad123ce20672","30/11/2022 19:36:23.531675","e1523fc1db9119e6942885c28d3c0a9a","b6d63dc5b360d72996be0abca4a52574","26fcfeaf1421817b3d7659b73bace377"
"a29dc0d2f580b6fc4ecdbd3a93d5bf8f","30/11/2022 19:36:23.531675","e1523fc1db9119e6942885c28d3c0a9a","ee8988c76f84da3ff51d905cb68d5435","26fcfeaf1421817b3d7659b73bace377"
"5e838faad77730b688ad86a70d0a7a7f","30/11/2022 19:36:32.127085","9dbe3ce34c8750df0a9d8ce0aeab5da3","3f650ff819f8cd17d87e499b60e9956b","960b44c579bc2f6818d2daaf9e4c16f0"
"4543531f03cb88eeaffc48f4657b510d","30/11/2022 19:36:32.127085","9dbe3ce34c8750df0a9d8ce0aeab5da3","3f650ff819f8cd17d87e499b60e9956b","1cbd491d919c9b23f146251007a0d7d1"
"9d489f96b67ba200bf5d1607e6a01387","30/11/2022 19:36:32.127085","9dbe3ce34c8750df0a9d8ce0aeab5da3","c53e5d910e733cb38c347631f00c0097","960b44c579bc2f6818d2daaf9e4c16f0"
"1e68024acaaf5af13970775544f2159a","30/11/2022 19:36:32.127085","9dbe3ce34c8750df0a9d8ce0aeab5da3","c53e5d910e733cb38c347631f00c0097","1cbd491d919c9b23f146251007a0d7d1"
"2f4db2d9bce2568b2a88051bc801cf93","30/11/2022 19:36:32.127085","9dbe3ce34c8750df0a9d8ce0aeab5da3","a9487978c1ec9b96a46bef2687247a5d","960b44c579bc2f6818d2daaf9e4c16f0"
"003cd9d9ef8c0f02add1bdc91098c98f","30/11/2022 19:36:32.127085","9dbe3ce34c8750df0a9d8ce0aeab5da3","a9487978c1ec9b96a46bef2687247a5d","1cbd491d919c9b23f146251007a0d7d1"
"49f6a668a15d222a2cf6e3914713b440","30/11/2022 19:36:32.127085","9dbe3ce34c8750df0a9d8ce0aeab5da3","0703566acd648df87dff0f70f9de4721","960b44c579bc2f6818d2daaf9e4c16f0"
"0e8b0581307f344d3855614890c6936f","30/11/2022 19:36:32.127085","9dbe3ce34c8750df0a9d8ce0aeab5da3","0703566acd648df87dff0f70f9de4721","1cbd491d919c9b23f146251007a0d7d1"
"52b6516ae17a294e69e3fa649afe79ca","30/11/2022 19:36:32.127085","9dbe3ce34c8750df0a9d8ce0aeab5da3","789962d30dd0680db72aafba0ecd8e92","960b44c579bc2f6818d2daaf9e4c16f0"
"4acefd3faaa26f350e55b6d87e333356","30/11/2022 19:36:32.127085","9dbe3ce34c8750df0a9d8ce0aeab5da3","789962d30dd0680db72aafba0ecd8e92","1cbd491d919c9b23f146251007a0d7d1"
"633a402aff55426d3819aa95196fc00c","30/11/2022 19:36:32.127085","9dbe3ce34c8750df0a9d8ce0aeab5da3","4128e9bfa1ac2aad09a726588027120e","960b44c579bc2f6818d2daaf9e4c16f0"
"031b83ccc9af22c251ccc9de6d053495","30/11/2022 19:36:32.127085","9dbe3ce34c8750df0a9d8ce0aeab5da3","4128e9bfa1ac2aad09a726588027120e","1cbd491d919c9b23f146251007a0d7d1"
"6614c1a16216cd3224cc8791849ecfa4","30/11/2022 19:36:32.127085","9dbe3ce34c8750df0a9d8ce0aeab5da3","3bf745d0adaa04747f7ffb20699822de","960b44c579bc2f6818d2daaf9e4c16f0"
"1c2c18356f2c519c9ffdf87102d00dcf","30/11/2022 19:36:32.127085","9dbe3ce34c8750df0a9d8ce0aeab5da3","3bf745d0adaa04747f7ffb20699822de","1cbd491d919c9b23f146251007a0d7d1"
"942405099475e98b02e3a4ecaa8e5183","30/11/2022 19:36:32.127085","9dbe3ce34c8750df0a9d8ce0aeab5da3","2b9961e0d235a097e285138ab1f47409","960b44c579bc2f6818d2daaf9e4c16f0"
"6191a9f2b169ac3745208353b38f9fa6","30/11/2022 19:36:32.127085","9dbe3ce34c8750df0a9d8ce0aeab5da3","2b9961e0d235a097e285138ab1f47409","1cbd491d919c9b23f146251007a0d7d1"
"b55cbb800a853343184579d068e43800","30/11/2022 19:36:32.127085","9dbe3ce34c8750df0a9d8ce0aeab5da3","f3e69832f44e6f9ce04aa353096f95da","960b44c579bc2f6818d2daaf9e4c16f0"
"1d9f92a6308ed6080e26a49dbd7efbcb","30/11/2022 19:36:32.127085","9dbe3ce34c8750df0a9d8ce0aeab5da3","f3e69832f44e6f9ce04aa353096f95da","1cbd491d919c9b23f146251007a0d7d1"
"227e6a54618759af7cd9672f1e33e7ba","30/11/2022 19:36:32.127085","9dbe3ce34c8750df0a9d8ce0aeab5da3","47604cc82e179cf04fae0fe2228aa060","960b44c579bc2f6818d2daaf9e4c16f0"
"eb2b4e47de1037f2b78d4fcd85afd7ee","30/11/2022 19:36:32.127085","9dbe3ce34c8750df0a9d8ce0aeab5da3","47604cc82e179cf04fae0fe2228aa060","1cbd491d919c9b23f146251007a0d7d1"
