"attendhashkey","attendtimestamp","attendrecsrc","experimentalunit","groupid","sessionid"
"643d64f45b12c8ddebf41db4dd64d579","30/11/2022 19:36:23.531675","e1523fc1db9119e6942885c28d3c0a9a","c0b290422c3334d3e2880f9b41c77ab1","842d826e29e57f0d3c23fa98a8404a38","2199d9585c235e9a223d84876e8452bd"
"3adf065452b77cb365ff5261f552828f","30/11/2022 19:36:23.531675","e1523fc1db9119e6942885c28d3c0a9a","c0b290422c3334d3e2880f9b41c77ab1","55276c10d84e1df7713b441e76e141f9","714a8ec286456aee637031b467e27988"
"31220e71524092936bfac567deac8cf5","30/11/2022 19:36:23.531675","e1523fc1db9119e6942885c28d3c0a9a","c0b290422c3334d3e2880f9b41c77ab1","7655a938884159455cfa5e5f2664d8a3","57ac9a0879424f2aef6bcbea13ad965a"
"388838fdd7dfb815e36d82d1d4062070","30/11/2022 19:36:23.531675","e1523fc1db9119e6942885c28d3c0a9a","c0b290422c3334d3e2880f9b41c77ab1","26fcfeaf1421817b3d7659b73bace377","d0168ea3e337388c8a1299ee6b9e23dd"
"860ce40fc7648bdad90e7ab3718747ca","30/11/2022 19:36:23.531675","e1523fc1db9119e6942885c28d3c0a9a","553065962c72a797e3e44ab8e90c8317","842d826e29e57f0d3c23fa98a8404a38","c6fc61a107a278a3e564f68e48974cf8"
"ddfa386755991b509186aae35c4f2e13","30/11/2022 19:36:23.531675","e1523fc1db9119e6942885c28d3c0a9a","553065962c72a797e3e44ab8e90c8317","55276c10d84e1df7713b441e76e141f9","811ecfa6cb0830baabd386de9b5b6226"
"b9e60e5dcff9a8ac7910c16cd84b4177","30/11/2022 19:36:23.531675","e1523fc1db9119e6942885c28d3c0a9a","553065962c72a797e3e44ab8e90c8317","7655a938884159455cfa5e5f2664d8a3","fc115a3a8080ddfc6b36ba8ddf74116d"
"e39b4be80b8fa01ec368cbabf11fe675","30/11/2022 19:36:23.531675","e1523fc1db9119e6942885c28d3c0a9a","553065962c72a797e3e44ab8e90c8317","26fcfeaf1421817b3d7659b73bace377","f86c489cec4e80460169182b9dfeed4e"
"19f3166cd441e2919b2ca792bc333ffc","30/11/2022 19:36:23.531675","e1523fc1db9119e6942885c28d3c0a9a","02a2f9c9ae9afa1e2d90565b11d5b29b","842d826e29e57f0d3c23fa98a8404a38","17adccffe365a9ce1358aeea9fece506"
"c10c926a0a73e7bd93f205cb3132eff3","30/11/2022 19:36:23.531675","e1523fc1db9119e6942885c28d3c0a9a","02a2f9c9ae9afa1e2d90565b11d5b29b","55276c10d84e1df7713b441e76e141f9","1a5709e686cb25150b8114231c3f1885"
"43c21a1827740ec11c46974a97c2bbf7","30/11/2022 19:36:23.531675","e1523fc1db9119e6942885c28d3c0a9a","02a2f9c9ae9afa1e2d90565b11d5b29b","7655a938884159455cfa5e5f2664d8a3","e5fed9bf64689cb23f57563b805c0daf"
"1ba567f130c0d85a5448f9ea02350cfd","30/11/2022 19:36:23.531675","e1523fc1db9119e6942885c28d3c0a9a","02a2f9c9ae9afa1e2d90565b11d5b29b","26fcfeaf1421817b3d7659b73bace377","861e772530cb236203dfb2b78b164186"
"d01078e4adfeacf3d579e9d7277498e3","30/11/2022 19:36:23.531675","e1523fc1db9119e6942885c28d3c0a9a","8db306fa4c93fdb68d89cca1e04f53be","842d826e29e57f0d3c23fa98a8404a38","75fbd6d3bb606abd8f7c316ddbff83a0"
"b68b49030288180cce6efd48dfaec615","30/11/2022 19:36:23.531675","e1523fc1db9119e6942885c28d3c0a9a","8db306fa4c93fdb68d89cca1e04f53be","55276c10d84e1df7713b441e76e141f9","b7ffc7fe56b76955dab317195504facd"
"41dfa3bf69ea6e5a57db82c7b013c71c","30/11/2022 19:36:23.531675","e1523fc1db9119e6942885c28d3c0a9a","8db306fa4c93fdb68d89cca1e04f53be","7655a938884159455cfa5e5f2664d8a3","6ef2b6b3ee3e313388c80a4ed3d680b8"
"ef60583a80a977139d1138d5f4a39b60","30/11/2022 19:36:23.531675","e1523fc1db9119e6942885c28d3c0a9a","8db306fa4c93fdb68d89cca1e04f53be","26fcfeaf1421817b3d7659b73bace377","75f73dc4bf61e7f49cc8f399e0a7d190"
"246901a01fadd7e65c84a7cd82912a2a","30/11/2022 19:36:23.531675","e1523fc1db9119e6942885c28d3c0a9a","887b419552d85ea9bdec287aabfaf9e7","842d826e29e57f0d3c23fa98a8404a38","f74aab26a5ba8ed30846647361b2d10c"
"db425163ed8f96e3ae0b7e3523f9ce6d","30/11/2022 19:36:23.531675","e1523fc1db9119e6942885c28d3c0a9a","887b419552d85ea9bdec287aabfaf9e7","55276c10d84e1df7713b441e76e141f9","be2e900221b733a2cc8a5e409778d06b"
"a3e600426052a4aa5ffe3908a720e020","30/11/2022 19:36:23.531675","e1523fc1db9119e6942885c28d3c0a9a","887b419552d85ea9bdec287aabfaf9e7","7655a938884159455cfa5e5f2664d8a3","7b94e62ddc0dda485ecbe1c3787e1691"
"bc3f74c1795650c832b6ee5de8ab8827","30/11/2022 19:36:23.531675","e1523fc1db9119e6942885c28d3c0a9a","887b419552d85ea9bdec287aabfaf9e7","26fcfeaf1421817b3d7659b73bace377","b0f6be7c7b5a55360bb4cf82db9e8356"
"46875d628f1e534dab82258c9c70849c","30/11/2022 19:36:23.531675","e1523fc1db9119e6942885c28d3c0a9a","b6d63dc5b360d72996be0abca4a52574","842d826e29e57f0d3c23fa98a8404a38","bf7273e0d77c0ea9f572f927cfb43aae"
"c23c8e1d667c4b7f9fc9d416b07e3f37","30/11/2022 19:36:23.531675","e1523fc1db9119e6942885c28d3c0a9a","b6d63dc5b360d72996be0abca4a52574","55276c10d84e1df7713b441e76e141f9","12efa5b88c14b7c393340f7651cb1d41"
"48d41add2e432a875aa1498c1ea78bad","30/11/2022 19:36:23.531675","e1523fc1db9119e6942885c28d3c0a9a","b6d63dc5b360d72996be0abca4a52574","7655a938884159455cfa5e5f2664d8a3","d218f06f244abfe9ca8d72c1c29a4ea9"
"9b7b3c3ad0503d8160db9fbb88695053","30/11/2022 19:36:23.531675","e1523fc1db9119e6942885c28d3c0a9a","b6d63dc5b360d72996be0abca4a52574","26fcfeaf1421817b3d7659b73bace377","ab6bce1369f39365518e876f21dc6eb5"
"ec028c02490e4c19e6271ad6fcb12be9","30/11/2022 19:36:23.531675","e1523fc1db9119e6942885c28d3c0a9a","ee8988c76f84da3ff51d905cb68d5435","26fcfeaf1421817b3d7659b73bace377","98263daa72951f0beb966b179fa4596f"
"acce8f90c26662d133b0af76292ecfb2","30/11/2022 19:36:32.127085","9dbe3ce34c8750df0a9d8ce0aeab5da3","3f650ff819f8cd17d87e499b60e9956b","960b44c579bc2f6818d2daaf9e4c16f0","a5c6a513ad4d6b7a661dc326772cc16f"
"647f2a9f93f822d8ffc7679d0e8362a9","30/11/2022 19:36:32.127085","9dbe3ce34c8750df0a9d8ce0aeab5da3","3f650ff819f8cd17d87e499b60e9956b","1cbd491d919c9b23f146251007a0d7d1","a5c6a513ad4d6b7a661dc326772cc16f"
"5619d28066ce44c6113d6fa219209ebe","30/11/2022 19:36:32.127085","9dbe3ce34c8750df0a9d8ce0aeab5da3","c53e5d910e733cb38c347631f00c0097","960b44c579bc2f6818d2daaf9e4c16f0","b7ed02edefde306b2d4753011d53abdb"
"c4e025884affbae1375575de5f783053","30/11/2022 19:36:32.127085","9dbe3ce34c8750df0a9d8ce0aeab5da3","c53e5d910e733cb38c347631f00c0097","1cbd491d919c9b23f146251007a0d7d1","b7ed02edefde306b2d4753011d53abdb"
"5aa5b042dd961b50189f0ca1ac27ae4e","30/11/2022 19:36:32.127085","9dbe3ce34c8750df0a9d8ce0aeab5da3","a9487978c1ec9b96a46bef2687247a5d","960b44c579bc2f6818d2daaf9e4c16f0","2128b3fa8fb1870c3b39f5efc81a7e12"
"177f93c5ff1996bfae84745bbc2f8457","30/11/2022 19:36:32.127085","9dbe3ce34c8750df0a9d8ce0aeab5da3","a9487978c1ec9b96a46bef2687247a5d","1cbd491d919c9b23f146251007a0d7d1","2128b3fa8fb1870c3b39f5efc81a7e12"
"1651f0a240b551b78d9f5a01b981d386","30/11/2022 19:36:32.127085","9dbe3ce34c8750df0a9d8ce0aeab5da3","0703566acd648df87dff0f70f9de4721","960b44c579bc2f6818d2daaf9e4c16f0","800830d8f3decf2513bc8071ee3d8abd"
"38d1e5da77e632b7a0914428ebfaeac8","30/11/2022 19:36:32.127085","9dbe3ce34c8750df0a9d8ce0aeab5da3","0703566acd648df87dff0f70f9de4721","1cbd491d919c9b23f146251007a0d7d1","800830d8f3decf2513bc8071ee3d8abd"
"74c63e2335a7a4aebe13cca992d5f686","30/11/2022 19:36:32.127085","9dbe3ce34c8750df0a9d8ce0aeab5da3","789962d30dd0680db72aafba0ecd8e92","960b44c579bc2f6818d2daaf9e4c16f0","cbd3052326452eb5d4ceac44947277ff"
"9e4964d21073b0bb5eebdb98f930631e","30/11/2022 19:36:32.127085","9dbe3ce34c8750df0a9d8ce0aeab5da3","789962d30dd0680db72aafba0ecd8e92","1cbd491d919c9b23f146251007a0d7d1","cbd3052326452eb5d4ceac44947277ff"
"db64282c6c7381c4bf577e20d0534d3f","30/11/2022 19:36:32.127085","9dbe3ce34c8750df0a9d8ce0aeab5da3","4128e9bfa1ac2aad09a726588027120e","960b44c579bc2f6818d2daaf9e4c16f0","883571bfdfa7104c5587cdc951e55b00"
"ffcea0d56633ae4a145404665b7c1518","30/11/2022 19:36:32.127085","9dbe3ce34c8750df0a9d8ce0aeab5da3","4128e9bfa1ac2aad09a726588027120e","1cbd491d919c9b23f146251007a0d7d1","883571bfdfa7104c5587cdc951e55b00"
"88476ca2faad7ce31e41ed8e8f65319a","30/11/2022 19:36:32.127085","9dbe3ce34c8750df0a9d8ce0aeab5da3","3bf745d0adaa04747f7ffb20699822de","960b44c579bc2f6818d2daaf9e4c16f0","8e438299232db0d7548a2393f807a667"
"fd6a1d7fcbd8bf67b1705e37670ac809","30/11/2022 19:36:32.127085","9dbe3ce34c8750df0a9d8ce0aeab5da3","3bf745d0adaa04747f7ffb20699822de","1cbd491d919c9b23f146251007a0d7d1","8e438299232db0d7548a2393f807a667"
"5d5b82a44a6a2e56b5eb4977981fe1db","30/11/2022 19:36:32.127085","9dbe3ce34c8750df0a9d8ce0aeab5da3","2b9961e0d235a097e285138ab1f47409","960b44c579bc2f6818d2daaf9e4c16f0","3f77662d6d204bed0d4250e5d084b66e"
"2ca2b172e1bf4340aae501b51f6c1168","30/11/2022 19:36:32.127085","9dbe3ce34c8750df0a9d8ce0aeab5da3","2b9961e0d235a097e285138ab1f47409","1cbd491d919c9b23f146251007a0d7d1","3f77662d6d204bed0d4250e5d084b66e"
"c6e034e7a6bf30b47413cd63bb592de1","30/11/2022 19:36:32.127085","9dbe3ce34c8750df0a9d8ce0aeab5da3","f3e69832f44e6f9ce04aa353096f95da","960b44c579bc2f6818d2daaf9e4c16f0","1f838bc7258b0d63eb00a47eec451c60"
"db9f996ecee750bbf1eac577e36470b4","30/11/2022 19:36:32.127085","9dbe3ce34c8750df0a9d8ce0aeab5da3","f3e69832f44e6f9ce04aa353096f95da","1cbd491d919c9b23f146251007a0d7d1","1f838bc7258b0d63eb00a47eec451c60"
"c27868e0e014c14d58bf10c738573d83","30/11/2022 19:36:32.127085","9dbe3ce34c8750df0a9d8ce0aeab5da3","47604cc82e179cf04fae0fe2228aa060","960b44c579bc2f6818d2daaf9e4c16f0","1052fe6b65d889e7c9849f647b059602"
"a8a35578c3f51e4740c806dfb34ca038","30/11/2022 19:36:32.127085","9dbe3ce34c8750df0a9d8ce0aeab5da3","47604cc82e179cf04fae0fe2228aa060","1cbd491d919c9b23f146251007a0d7d1","1052fe6b65d889e7c9849f647b059602"
