"metadatahashkey","metadatatimestamp","metadatarecsrc"
"45dd63728e35b69aaee83fe58480637f","30/11/2022 19:36:23.531675","e1523fc1db9119e6942885c28d3c0a9a"
"329e5f53818666e2b3848bae9ae0c107","30/11/2022 19:36:23.531675","e1523fc1db9119e6942885c28d3c0a9a"
"c8e81f08cc174301f947bbe1f92d2dcb","30/11/2022 19:36:23.531675","e1523fc1db9119e6942885c28d3c0a9a"
"13724a126a5db914985a28b465ff84ed","30/11/2022 19:36:23.531675","e1523fc1db9119e6942885c28d3c0a9a"
"b97bf811e91ebdcfdc47f946040ba0bb","30/11/2022 19:36:23.531675","e1523fc1db9119e6942885c28d3c0a9a"
"118fba167f209d5bb5d8bfe6fc1e72fb","30/11/2022 19:36:23.531675","e1523fc1db9119e6942885c28d3c0a9a"
"872fd0f1a5c3c2c105b8d6a410cfb8f2","30/11/2022 19:36:23.531675","e1523fc1db9119e6942885c28d3c0a9a"
"507428b74a422a72caa982f98b17ff02","30/11/2022 19:36:23.531675","e1523fc1db9119e6942885c28d3c0a9a"
"7fcd91ddc269e8797103524837c69ae9","30/11/2022 19:36:23.531675","e1523fc1db9119e6942885c28d3c0a9a"
"634fa90edb149fded35ad07443633b9f","30/11/2022 19:36:23.531675","e1523fc1db9119e6942885c28d3c0a9a"
"7391171e452b9b9a5e1f8f583b3c599e","30/11/2022 19:36:23.531675","e1523fc1db9119e6942885c28d3c0a9a"
"d7ee19fae845b88fc6a58d40c5d07b86","30/11/2022 19:36:23.531675","e1523fc1db9119e6942885c28d3c0a9a"
"4b06870b6f83ccd21634722588c572b7","30/11/2022 19:36:23.531675","e1523fc1db9119e6942885c28d3c0a9a"
"c5009be8c95d9ac8719d05a2c59edfe4","30/11/2022 19:36:23.531675","e1523fc1db9119e6942885c28d3c0a9a"
"3374062bab288eeee3d1ee7208a1fced","30/11/2022 19:36:23.531675","e1523fc1db9119e6942885c28d3c0a9a"
"286731ce5c34d5714af1debf6e3211cc","30/11/2022 19:36:23.531675","e1523fc1db9119e6942885c28d3c0a9a"
"cbb08f68dde27233f29a41610704cf2f","30/11/2022 19:36:23.531675","e1523fc1db9119e6942885c28d3c0a9a"
"c36a3f8c6d1c87c627b57ed949f7f7d4","30/11/2022 19:36:23.531675","e1523fc1db9119e6942885c28d3c0a9a"
"9641b03f9267dc0e987a9a6ce5e13e29","30/11/2022 19:36:23.531675","e1523fc1db9119e6942885c28d3c0a9a"
"9424cb711ab8c2f178cef7cbc478df7a","30/11/2022 19:36:23.531675","e1523fc1db9119e6942885c28d3c0a9a"
"5626af4c6c2ca70876ca6ff77569d42b","30/11/2022 19:36:23.531675","e1523fc1db9119e6942885c28d3c0a9a"
"d9402ef2621bc490fa7b6a2c3675ad68","30/11/2022 19:36:23.531675","e1523fc1db9119e6942885c28d3c0a9a"
"6f7ef08c903aa3dc60d45232424ac285","30/11/2022 19:36:23.531675","e1523fc1db9119e6942885c28d3c0a9a"
"80f1827cd6584c1e7caa38ef91b8342f","30/11/2022 19:36:23.531675","e1523fc1db9119e6942885c28d3c0a9a"
"4894b415b70400c197c7f9c81442b51d","30/11/2022 19:36:23.531675","e1523fc1db9119e6942885c28d3c0a9a"
"eb9652c319788155d1cd13dd345575f9","30/11/2022 19:36:23.531675","e1523fc1db9119e6942885c28d3c0a9a"
"9a253334f58683b472793e947343825f","30/11/2022 19:36:23.531675","e1523fc1db9119e6942885c28d3c0a9a"
"5a43ad9e63ee34cf29b19cdeda0aac1e","30/11/2022 19:36:23.531675","e1523fc1db9119e6942885c28d3c0a9a"
"75dabf00cdc832027f70eec79d5704e2","30/11/2022 19:36:23.531675","e1523fc1db9119e6942885c28d3c0a9a"
"398c069f07b7a3a7d4869533f8826408","30/11/2022 19:36:23.531675","e1523fc1db9119e6942885c28d3c0a9a"
"dce7addb19de24d42d8793239a326b06","30/11/2022 19:36:23.531675","e1523fc1db9119e6942885c28d3c0a9a"
"b9de2cf2614ef79a72e36bf2f5773836","30/11/2022 19:36:23.531675","e1523fc1db9119e6942885c28d3c0a9a"
"bab4f01f5f17120553e1bd43f7d8ed12","30/11/2022 19:36:23.531675","e1523fc1db9119e6942885c28d3c0a9a"
"a2e3410d05dab17a0d0dca0dbe289382","30/11/2022 19:36:23.531675","e1523fc1db9119e6942885c28d3c0a9a"
"d00e44edce618a18fb5c917b194db733","30/11/2022 19:36:23.531675","e1523fc1db9119e6942885c28d3c0a9a"
"57f435130903e353fbc8e3eca31d4864","30/11/2022 19:36:23.531675","e1523fc1db9119e6942885c28d3c0a9a"
"f0a1ee739a59c69069b0b6a59613f115","30/11/2022 19:36:23.531675","e1523fc1db9119e6942885c28d3c0a9a"
"04f8266f4789dbf2d00cf3320e48c5f7","30/11/2022 19:36:23.531675","e1523fc1db9119e6942885c28d3c0a9a"
"1993d05d12d89becd1f7eae9f6f6c5ac","30/11/2022 19:36:23.531675","e1523fc1db9119e6942885c28d3c0a9a"
"5b2e21e66a7c9d54a093cf7bc9480fd7","30/11/2022 19:36:23.531675","e1523fc1db9119e6942885c28d3c0a9a"
"3f3d01a259d03c6d347836cd44de6a14","30/11/2022 19:36:23.531675","e1523fc1db9119e6942885c28d3c0a9a"
"a5600ccc54a3d7be1d37046eb1b651ca","30/11/2022 19:36:23.531675","e1523fc1db9119e6942885c28d3c0a9a"
"e76fde880f6eba58146a35c9be1b1ee4","30/11/2022 19:36:23.531675","e1523fc1db9119e6942885c28d3c0a9a"
"fc0369c82504707af529b5ecc01276a6","30/11/2022 19:36:23.531675","e1523fc1db9119e6942885c28d3c0a9a"
"625a485928020a6e2ca5c1abc97bd5b3","30/11/2022 19:36:23.531675","e1523fc1db9119e6942885c28d3c0a9a"
"d67637e16313ca6ab7b0c4c8ecb053a5","30/11/2022 19:36:23.531675","e1523fc1db9119e6942885c28d3c0a9a"
"32431df74c5084147abb9e4f269968bc","30/11/2022 19:36:23.531675","e1523fc1db9119e6942885c28d3c0a9a"
"392f17d8611369005f19243195f8c358","30/11/2022 19:36:23.531675","e1523fc1db9119e6942885c28d3c0a9a"
"3b6af0a6279682bd80b00df5dd7fe653","30/11/2022 19:36:23.531675","e1523fc1db9119e6942885c28d3c0a9a"
"40b35dbc41899519d24754561cbafd3e","30/11/2022 19:36:23.531675","e1523fc1db9119e6942885c28d3c0a9a"
"418349865bd2e8c9e6de98319eaa8954","30/11/2022 19:36:23.531675","e1523fc1db9119e6942885c28d3c0a9a"
"41abd741d6c39a3771120e1ba443da03","30/11/2022 19:36:23.531675","e1523fc1db9119e6942885c28d3c0a9a"
"62e5312004e28c105adb6a71f460c995","30/11/2022 19:36:23.531675","e1523fc1db9119e6942885c28d3c0a9a"
"e6ad2c2810b97159b77fe27591b3d7e7","30/11/2022 19:36:23.531675","e1523fc1db9119e6942885c28d3c0a9a"
"384d59f804f0181392e998c946b93aba","30/11/2022 19:36:23.531675","e1523fc1db9119e6942885c28d3c0a9a"
"f56aad174cb4ddb8c720bdd04a0cff03","30/11/2022 19:36:23.531675","e1523fc1db9119e6942885c28d3c0a9a"
"737aef35c5858edd6dad5712f1a2a18d","30/11/2022 19:36:23.531675","e1523fc1db9119e6942885c28d3c0a9a"
"6f4203438a099f8dc1f24c1586eaa469","30/11/2022 19:36:23.531675","e1523fc1db9119e6942885c28d3c0a9a"
"a85c5c09d0c215d863541b8529b4ca5d","30/11/2022 19:36:23.531675","e1523fc1db9119e6942885c28d3c0a9a"
"c256d45e90bf2de55619863f0906239a","30/11/2022 19:36:23.531675","e1523fc1db9119e6942885c28d3c0a9a"
"b984a4d79e7c2611a06698f43115479b","30/11/2022 19:36:23.531675","e1523fc1db9119e6942885c28d3c0a9a"
"ca4bbdff11794bd34f9e0e2a0387e21a","30/11/2022 19:36:23.531675","e1523fc1db9119e6942885c28d3c0a9a"
"bde31b0049d98c27a3905a39d3bbc350","30/11/2022 19:36:23.531675","e1523fc1db9119e6942885c28d3c0a9a"
"0d0e4278aef51c85cd6c2539b9a02351","30/11/2022 19:36:23.531675","e1523fc1db9119e6942885c28d3c0a9a"
"1800bed0ac8da7e612e4621314c1abd6","30/11/2022 19:36:23.531675","e1523fc1db9119e6942885c28d3c0a9a"
"2abe2e7c6cf23f9d3f259c29b1521696","30/11/2022 19:36:23.531675","e1523fc1db9119e6942885c28d3c0a9a"
"3255c8e5f94551ace98375576af2b5ce","30/11/2022 19:36:23.531675","e1523fc1db9119e6942885c28d3c0a9a"
"f01f7d368e2c8bb61ef86269ad608c14","30/11/2022 19:36:23.531675","e1523fc1db9119e6942885c28d3c0a9a"
"e75e0f03e0cc049fb015db2c3548cafd","30/11/2022 19:36:23.531675","e1523fc1db9119e6942885c28d3c0a9a"
"232a2e44c84fab336709bde141cac3b2","30/11/2022 19:36:23.531675","e1523fc1db9119e6942885c28d3c0a9a"
"508cb25dd437dd2819c84e414c4a91e8","30/11/2022 19:36:23.531675","e1523fc1db9119e6942885c28d3c0a9a"
"0f29c5e39440083eccaea0b502147bff","30/11/2022 19:36:23.531675","e1523fc1db9119e6942885c28d3c0a9a"
"d0a1ef7ecc449a5f99e98aa2bc6fc9a5","30/11/2022 19:36:23.531675","e1523fc1db9119e6942885c28d3c0a9a"
"1d31f94364c7bc11742f8bc14c4a29c2","30/11/2022 19:36:23.531675","e1523fc1db9119e6942885c28d3c0a9a"
"9210143357b769a79312a368544e6969","30/11/2022 19:36:23.531675","e1523fc1db9119e6942885c28d3c0a9a"
"1857cabfd15cb572aed6daec2344746f","30/11/2022 19:36:32.127085","9dbe3ce34c8750df0a9d8ce0aeab5da3"
"dc8569250d256f44cf0a4a6c1f969b48","30/11/2022 19:36:32.127085","9dbe3ce34c8750df0a9d8ce0aeab5da3"
"fbf364d2763c742323132abaea517c12","30/11/2022 19:36:32.127085","9dbe3ce34c8750df0a9d8ce0aeab5da3"
"12e8fd13239906adae91fc7e72f28b50","30/11/2022 19:36:32.127085","9dbe3ce34c8750df0a9d8ce0aeab5da3"
"c0b7e5a9b480675e5be178ae55a4972f","30/11/2022 19:36:32.127085","9dbe3ce34c8750df0a9d8ce0aeab5da3"
"51c009fcb0afa73112f74f16e8c79126","30/11/2022 19:36:32.127085","9dbe3ce34c8750df0a9d8ce0aeab5da3"
"428553dd48a6bfb21b65e9410786c1d6","30/11/2022 19:36:32.127085","9dbe3ce34c8750df0a9d8ce0aeab5da3"
"f8513e04c950c18e945e596ba104a36a","30/11/2022 19:36:32.127085","9dbe3ce34c8750df0a9d8ce0aeab5da3"
"55f67127d3816e64485fb914d1839c8d","30/11/2022 19:36:32.127085","9dbe3ce34c8750df0a9d8ce0aeab5da3"
"6f8526578894dc2f8c105bb52f96ff0e","30/11/2022 19:36:32.127085","9dbe3ce34c8750df0a9d8ce0aeab5da3"
"ad208589b19c592867a7b0b2bb41ffce","30/11/2022 19:36:32.127085","9dbe3ce34c8750df0a9d8ce0aeab5da3"
"819ac2bd34ad073bf25648536da6157f","30/11/2022 19:36:32.127085","9dbe3ce34c8750df0a9d8ce0aeab5da3"
"178708475027d7e1d57df85c05885be3","30/11/2022 19:36:32.127085","9dbe3ce34c8750df0a9d8ce0aeab5da3"
"f2e061072a61e882861fd05c409bad71","30/11/2022 19:36:32.127085","9dbe3ce34c8750df0a9d8ce0aeab5da3"
"e024bb36a4d52d3f752b1111c05e4dda","30/11/2022 19:36:32.127085","9dbe3ce34c8750df0a9d8ce0aeab5da3"
"0e040aad6022a8f60b34499882c15891","30/11/2022 19:36:32.127085","9dbe3ce34c8750df0a9d8ce0aeab5da3"
"b5d903fa864ad9067159378e1723e545","30/11/2022 19:36:32.127085","9dbe3ce34c8750df0a9d8ce0aeab5da3"
"bf142dc1a4ff81fcc5e4c57c8b5cbf86","30/11/2022 19:36:32.127085","9dbe3ce34c8750df0a9d8ce0aeab5da3"
"5b06d5c4882fff45cc05b18f37b720b5","30/11/2022 19:36:32.127085","9dbe3ce34c8750df0a9d8ce0aeab5da3"
"ed31e6c2cd37c63d37fe5719050fe92b","30/11/2022 19:36:32.127085","9dbe3ce34c8750df0a9d8ce0aeab5da3"
"6152c53c3354bd1546f72b7b307aabf3","30/11/2022 19:36:32.127085","9dbe3ce34c8750df0a9d8ce0aeab5da3"
"7573ecedcbb9789c15135d2e6075e8a7","30/11/2022 19:36:32.127085","9dbe3ce34c8750df0a9d8ce0aeab5da3"
"79880e0098e4ee9e4a8c7b437ffd773b","30/11/2022 19:36:32.127085","9dbe3ce34c8750df0a9d8ce0aeab5da3"
"bdc4d012488124e239ffc00130dd1d9e","30/11/2022 19:36:32.127085","9dbe3ce34c8750df0a9d8ce0aeab5da3"
"c4dda42e0db9784d9f9fa336406734c0","30/11/2022 19:36:32.127085","9dbe3ce34c8750df0a9d8ce0aeab5da3"
"8659382d8c44ef192b29a903e262e75c","30/11/2022 19:36:32.127085","9dbe3ce34c8750df0a9d8ce0aeab5da3"
"09f8374554da86365ff142a272b1d757","30/11/2022 19:36:32.127085","9dbe3ce34c8750df0a9d8ce0aeab5da3"
"60e0764727fb5b3634c5eab4ea8987f5","30/11/2022 19:36:32.127085","9dbe3ce34c8750df0a9d8ce0aeab5da3"
"808924a9f210bbff3fb6e700ac51bff3","30/11/2022 19:36:32.127085","9dbe3ce34c8750df0a9d8ce0aeab5da3"
"ae3dd2e87c86b951420cffdb4e714230","30/11/2022 19:36:32.127085","9dbe3ce34c8750df0a9d8ce0aeab5da3"
"f5b1d6b8bcb936d1dc779491b55ea260","30/11/2022 19:36:32.127085","9dbe3ce34c8750df0a9d8ce0aeab5da3"
"a7353306cb3ef58f8970777aedea03ba","30/11/2022 19:36:32.127085","9dbe3ce34c8750df0a9d8ce0aeab5da3"
"80da186cde03efebb4a0f3138cb282f8","30/11/2022 19:36:32.127085","9dbe3ce34c8750df0a9d8ce0aeab5da3"
"bd739db21859f0175d6707affd3539c5","30/11/2022 19:36:32.127085","9dbe3ce34c8750df0a9d8ce0aeab5da3"
"4f766a43737d2dd25eaba051b362c258","30/11/2022 19:36:32.127085","9dbe3ce34c8750df0a9d8ce0aeab5da3"
"667f9118276d50f1201b940cf6e0295c","30/11/2022 19:36:32.127085","9dbe3ce34c8750df0a9d8ce0aeab5da3"
"fa81ce9d438f3e6686a2831f44985efd","30/11/2022 19:36:32.127085","9dbe3ce34c8750df0a9d8ce0aeab5da3"
"ef83bec205614c83bae479195c27bf15","30/11/2022 19:36:32.127085","9dbe3ce34c8750df0a9d8ce0aeab5da3"
"4437958c5d7e2b47fa8b66e8d38d7bf3","30/11/2022 19:36:32.127085","9dbe3ce34c8750df0a9d8ce0aeab5da3"
"a4569e9153235d5bea5ebf2a3fd9d45c","30/11/2022 19:36:32.127085","9dbe3ce34c8750df0a9d8ce0aeab5da3"
