"sessionhashkey","sessiontimestamp","sessionrecsrc"
"2199d9585c235e9a223d84876e8452bd","30/11/2022 19:36:23.531675","e1523fc1db9119e6942885c28d3c0a9a"
"714a8ec286456aee637031b467e27988","30/11/2022 19:36:23.531675","e1523fc1db9119e6942885c28d3c0a9a"
"57ac9a0879424f2aef6bcbea13ad965a","30/11/2022 19:36:23.531675","e1523fc1db9119e6942885c28d3c0a9a"
"d0168ea3e337388c8a1299ee6b9e23dd","30/11/2022 19:36:23.531675","e1523fc1db9119e6942885c28d3c0a9a"
"c6fc61a107a278a3e564f68e48974cf8","30/11/2022 19:36:23.531675","e1523fc1db9119e6942885c28d3c0a9a"
"811ecfa6cb0830baabd386de9b5b6226","30/11/2022 19:36:23.531675","e1523fc1db9119e6942885c28d3c0a9a"
"fc115a3a8080ddfc6b36ba8ddf74116d","30/11/2022 19:36:23.531675","e1523fc1db9119e6942885c28d3c0a9a"
"f86c489cec4e80460169182b9dfeed4e","30/11/2022 19:36:23.531675","e1523fc1db9119e6942885c28d3c0a9a"
"17adccffe365a9ce1358aeea9fece506","30/11/2022 19:36:23.531675","e1523fc1db9119e6942885c28d3c0a9a"
"1a5709e686cb25150b8114231c3f1885","30/11/2022 19:36:23.531675","e1523fc1db9119e6942885c28d3c0a9a"
"e5fed9bf64689cb23f57563b805c0daf","30/11/2022 19:36:23.531675","e1523fc1db9119e6942885c28d3c0a9a"
"861e772530cb236203dfb2b78b164186","30/11/2022 19:36:23.531675","e1523fc1db9119e6942885c28d3c0a9a"
"75fbd6d3bb606abd8f7c316ddbff83a0","30/11/2022 19:36:23.531675","e1523fc1db9119e6942885c28d3c0a9a"
"b7ffc7fe56b76955dab317195504facd","30/11/2022 19:36:23.531675","e1523fc1db9119e6942885c28d3c0a9a"
"6ef2b6b3ee3e313388c80a4ed3d680b8","30/11/2022 19:36:23.531675","e1523fc1db9119e6942885c28d3c0a9a"
"75f73dc4bf61e7f49cc8f399e0a7d190","30/11/2022 19:36:23.531675","e1523fc1db9119e6942885c28d3c0a9a"
"f74aab26a5ba8ed30846647361b2d10c","30/11/2022 19:36:23.531675","e1523fc1db9119e6942885c28d3c0a9a"
"be2e900221b733a2cc8a5e409778d06b","30/11/2022 19:36:23.531675","e1523fc1db9119e6942885c28d3c0a9a"
"7b94e62ddc0dda485ecbe1c3787e1691","30/11/2022 19:36:23.531675","e1523fc1db9119e6942885c28d3c0a9a"
"b0f6be7c7b5a55360bb4cf82db9e8356","30/11/2022 19:36:23.531675","e1523fc1db9119e6942885c28d3c0a9a"
"bf7273e0d77c0ea9f572f927cfb43aae","30/11/2022 19:36:23.531675","e1523fc1db9119e6942885c28d3c0a9a"
"12efa5b88c14b7c393340f7651cb1d41","30/11/2022 19:36:23.531675","e1523fc1db9119e6942885c28d3c0a9a"
"d218f06f244abfe9ca8d72c1c29a4ea9","30/11/2022 19:36:23.531675","e1523fc1db9119e6942885c28d3c0a9a"
"ab6bce1369f39365518e876f21dc6eb5","30/11/2022 19:36:23.531675","e1523fc1db9119e6942885c28d3c0a9a"
"98263daa72951f0beb966b179fa4596f","30/11/2022 19:36:23.531675","e1523fc1db9119e6942885c28d3c0a9a"
"a5c6a513ad4d6b7a661dc326772cc16f","30/11/2022 19:36:32.127085","9dbe3ce34c8750df0a9d8ce0aeab5da3"
"b7ed02edefde306b2d4753011d53abdb","30/11/2022 19:36:32.127085","9dbe3ce34c8750df0a9d8ce0aeab5da3"
"2128b3fa8fb1870c3b39f5efc81a7e12","30/11/2022 19:36:32.127085","9dbe3ce34c8750df0a9d8ce0aeab5da3"
"800830d8f3decf2513bc8071ee3d8abd","30/11/2022 19:36:32.127085","9dbe3ce34c8750df0a9d8ce0aeab5da3"
"cbd3052326452eb5d4ceac44947277ff","30/11/2022 19:36:32.127085","9dbe3ce34c8750df0a9d8ce0aeab5da3"
"883571bfdfa7104c5587cdc951e55b00","30/11/2022 19:36:32.127085","9dbe3ce34c8750df0a9d8ce0aeab5da3"
"8e438299232db0d7548a2393f807a667","30/11/2022 19:36:32.127085","9dbe3ce34c8750df0a9d8ce0aeab5da3"
"3f77662d6d204bed0d4250e5d084b66e","30/11/2022 19:36:32.127085","9dbe3ce34c8750df0a9d8ce0aeab5da3"
"1f838bc7258b0d63eb00a47eec451c60","30/11/2022 19:36:32.127085","9dbe3ce34c8750df0a9d8ce0aeab5da3"
"1052fe6b65d889e7c9849f647b059602","30/11/2022 19:36:32.127085","9dbe3ce34c8750df0a9d8ce0aeab5da3"
