"observationmdhashkey","observationmdtimestamp","observationmdrecsrc","observationid","metadataid"
"089979393367babefc099f96509ecd32","30/11/2022 19:36:23.531675","e1523fc1db9119e6942885c28d3c0a9a","c7e614c988000c7e22a6380fc0a36b2a","45dd63728e35b69aaee83fe58480637f"
"86e5b061d7f58631613e0e263af2a9f9","30/11/2022 19:36:23.531675","e1523fc1db9119e6942885c28d3c0a9a","f45f42ae0fc47a3647c4cb1f43187fb4","329e5f53818666e2b3848bae9ae0c107"
"5c5e16c940edb9b4059e43bfcc9e5968","30/11/2022 19:36:23.531675","e1523fc1db9119e6942885c28d3c0a9a","0758d1715a108b43a4c1b9a5efa0485b","c8e81f08cc174301f947bbe1f92d2dcb"
"1877f83cc82acf7a9eeb7fcd52586a57","30/11/2022 19:36:23.531675","e1523fc1db9119e6942885c28d3c0a9a","b823376ab07bd33b8b4665d2d3ba7f90","13724a126a5db914985a28b465ff84ed"
"e9b9ac2b3a370ec1cd47a7624e4d1ae7","30/11/2022 19:36:23.531675","e1523fc1db9119e6942885c28d3c0a9a","7838e6ce684d1df19409ee40db73e2f7","b97bf811e91ebdcfdc47f946040ba0bb"
"5a652796ac3eaf3470b751efad4e28bc","30/11/2022 19:36:23.531675","e1523fc1db9119e6942885c28d3c0a9a","37066cea6f7d3b9450a3bfe51164e14a","118fba167f209d5bb5d8bfe6fc1e72fb"
"31c0de45eeade4e257153647b01202ee","30/11/2022 19:36:23.531675","e1523fc1db9119e6942885c28d3c0a9a","40cf567d9dd4e066643e03775a72a5ab","872fd0f1a5c3c2c105b8d6a410cfb8f2"
"c55fd01cd0ccff2dbc748280f5602cab","30/11/2022 19:36:23.531675","e1523fc1db9119e6942885c28d3c0a9a","6fd4369eac5e8204791f311f4e394ecf","507428b74a422a72caa982f98b17ff02"
"cc6638df2075662597bd82a88318312d","30/11/2022 19:36:23.531675","e1523fc1db9119e6942885c28d3c0a9a","4ff169301acc181e8fe677175ae7b0fc","7fcd91ddc269e8797103524837c69ae9"
"01e3a99097fee1003f21b8c52378f564","30/11/2022 19:36:23.531675","e1523fc1db9119e6942885c28d3c0a9a","46b60ae9d104bd2fd1b413250b3d7053","634fa90edb149fded35ad07443633b9f"
"c3d10ae7466d0f0b22c85915b75b7aa2","30/11/2022 19:36:23.531675","e1523fc1db9119e6942885c28d3c0a9a","1c1b81675937d9b81e0b7a415285226e","7391171e452b9b9a5e1f8f583b3c599e"
"8248dbf9803f8d657faf51963117a58f","30/11/2022 19:36:23.531675","e1523fc1db9119e6942885c28d3c0a9a","559857559de44824451eaa7ec55a2cb8","d7ee19fae845b88fc6a58d40c5d07b86"
"fa833acd6994d1279b48ac06c9ea8e0d","30/11/2022 19:36:23.531675","e1523fc1db9119e6942885c28d3c0a9a","02af4c64c86309bafa15fea44e319b88","4b06870b6f83ccd21634722588c572b7"
"3bd8cb4be5fe20d110540bd038544e36","30/11/2022 19:36:23.531675","e1523fc1db9119e6942885c28d3c0a9a","e41b83ababf7266c9935b2b569037e9d","c5009be8c95d9ac8719d05a2c59edfe4"
"e7dcbfe36ee10ee123d082c6f2762224","30/11/2022 19:36:23.531675","e1523fc1db9119e6942885c28d3c0a9a","516f2bc586dc1ff967edad4015684bfc","3374062bab288eeee3d1ee7208a1fced"
"6e98bb2c81d258a2340819ad8e25f6c3","30/11/2022 19:36:23.531675","e1523fc1db9119e6942885c28d3c0a9a","527ae713986df7efa9a98d1c7394fc73","286731ce5c34d5714af1debf6e3211cc"
"02b6ca0ef1b19755f4baa40f1e082617","30/11/2022 19:36:23.531675","e1523fc1db9119e6942885c28d3c0a9a","04deea41204c30591ee6d2488ae19b0c","cbb08f68dde27233f29a41610704cf2f"
"026a38cd6fdd6e1467dda963aed35808","30/11/2022 19:36:23.531675","e1523fc1db9119e6942885c28d3c0a9a","6a2884aaf99448e6112e79d8a46028aa","c36a3f8c6d1c87c627b57ed949f7f7d4"
"da54d0503d0958bf63157bab4cd1b42a","30/11/2022 19:36:23.531675","e1523fc1db9119e6942885c28d3c0a9a","094e43a6716ac37578def5a0bef5a6e6","9641b03f9267dc0e987a9a6ce5e13e29"
"2141281ea765d206fa2f4e3d885547cf","30/11/2022 19:36:23.531675","e1523fc1db9119e6942885c28d3c0a9a","b0d14bfa121838df6284dc3d84fe6e00","9424cb711ab8c2f178cef7cbc478df7a"
"45b9e0096c9193df1d0ddf3a196cc9f8","30/11/2022 19:36:23.531675","e1523fc1db9119e6942885c28d3c0a9a","d64e985de9d958dd0245ae16d5c9301e","5626af4c6c2ca70876ca6ff77569d42b"
"7dc8ed4e449add8db52f5d89ad828967","30/11/2022 19:36:23.531675","e1523fc1db9119e6942885c28d3c0a9a","362e836f333b4920f1a24fcb3545aa25","d9402ef2621bc490fa7b6a2c3675ad68"
"a14a864f041c8e9a8fac74c6b160bd78","30/11/2022 19:36:23.531675","e1523fc1db9119e6942885c28d3c0a9a","ed14e888ea1cc4709e31880c5aa05d3d","6f7ef08c903aa3dc60d45232424ac285"
"63284f43bf19807d1e79dc92648ca0bd","30/11/2022 19:36:23.531675","e1523fc1db9119e6942885c28d3c0a9a","45346028b6a33c5475a8421ac5efe4ab","80f1827cd6584c1e7caa38ef91b8342f"
"7a4a8c780850ec3bd684b295b6fbbbad","30/11/2022 19:36:23.531675","e1523fc1db9119e6942885c28d3c0a9a","adcd038026fec4b2bf215e10b6b8e2a9","4894b415b70400c197c7f9c81442b51d"
"1380e8d5a3c950fce014c8a0545e07b9","30/11/2022 19:36:23.531675","e1523fc1db9119e6942885c28d3c0a9a","09a38956423f54ac49aff347e00871d4","eb9652c319788155d1cd13dd345575f9"
"1ad1c7c477464d4c7fad540ffe6ef08a","30/11/2022 19:36:23.531675","e1523fc1db9119e6942885c28d3c0a9a","9ebb7a3dd004cc69fece292bab1b6110","9a253334f58683b472793e947343825f"
"67189cc409c0ac096647ccde65a98cbd","30/11/2022 19:36:23.531675","e1523fc1db9119e6942885c28d3c0a9a","643ad6f9d575d1848161d28bb92f1480","5a43ad9e63ee34cf29b19cdeda0aac1e"
"b0800f91de4124244765f4b62cf6c44d","30/11/2022 19:36:23.531675","e1523fc1db9119e6942885c28d3c0a9a","31ac78bfba9706eaed4c7dff906bd205","75dabf00cdc832027f70eec79d5704e2"
"64246118972559d7e00238b5b2f97e64","30/11/2022 19:36:23.531675","e1523fc1db9119e6942885c28d3c0a9a","58baff8e8e891755065f6a53c4c46b4d","398c069f07b7a3a7d4869533f8826408"
"ea6c117c9121147a1608df2af33e9b3d","30/11/2022 19:36:23.531675","e1523fc1db9119e6942885c28d3c0a9a","e788720b0a17bc9558b51a0237874150","dce7addb19de24d42d8793239a326b06"
"d8fa7bbd46ee32d502c3b95201cddf63","30/11/2022 19:36:23.531675","e1523fc1db9119e6942885c28d3c0a9a","5d1ac3c94e2763a7659105b73a035c42","b9de2cf2614ef79a72e36bf2f5773836"
"d74fd11dd2ce6e768156dead574daa11","30/11/2022 19:36:23.531675","e1523fc1db9119e6942885c28d3c0a9a","d8af9dfd1f181abb1ff77000a8735fc0","bab4f01f5f17120553e1bd43f7d8ed12"
"b082f3057d452b6bcbcfb3a26a9594cd","30/11/2022 19:36:23.531675","e1523fc1db9119e6942885c28d3c0a9a","4e4ab30a7c8aac56f8b922b789cb17e9","a2e3410d05dab17a0d0dca0dbe289382"
"b0a28ffcba091789ffd46208fd00833e","30/11/2022 19:36:23.531675","e1523fc1db9119e6942885c28d3c0a9a","10e7475d42cb893e660ecb549f5d5981","d00e44edce618a18fb5c917b194db733"
"7f8ba2351fe67d38af2ad9fe563d6828","30/11/2022 19:36:23.531675","e1523fc1db9119e6942885c28d3c0a9a","9eee2f6cdbc6fcee0b1f046f5a8a4552","57f435130903e353fbc8e3eca31d4864"
"f50eb30f29dbb46ef2e09fb0e8c51539","30/11/2022 19:36:23.531675","e1523fc1db9119e6942885c28d3c0a9a","600cea8ee8766b31f1adad823ba5c6b1","f0a1ee739a59c69069b0b6a59613f115"
"5831e23987d3c937663bee3caecb6e11","30/11/2022 19:36:23.531675","e1523fc1db9119e6942885c28d3c0a9a","b4bac58e7292ffa620b6228f6dffb6a6","04f8266f4789dbf2d00cf3320e48c5f7"
"c957881fcbaec46c79e810a07e49f30e","30/11/2022 19:36:23.531675","e1523fc1db9119e6942885c28d3c0a9a","fb369d4aa13bdff9754d0e8318f6dddf","1993d05d12d89becd1f7eae9f6f6c5ac"
"170645486e37f8cca9bf78271dccbad2","30/11/2022 19:36:23.531675","e1523fc1db9119e6942885c28d3c0a9a","671be722319acac03e2701bebeca8d72","5b2e21e66a7c9d54a093cf7bc9480fd7"
"973418c3f858c6087be537a1e4a1475d","30/11/2022 19:36:23.531675","e1523fc1db9119e6942885c28d3c0a9a","58eaf113bcd3331c3c51cfa525620842","3f3d01a259d03c6d347836cd44de6a14"
"b319121a232e3a434ed1f09b3ffcd9ee","30/11/2022 19:36:23.531675","e1523fc1db9119e6942885c28d3c0a9a","f879ca6ce05821ba0b4a8f249ca9c83f","a5600ccc54a3d7be1d37046eb1b651ca"
"57875d058629382f8b918ac5b4114e2f","30/11/2022 19:36:23.531675","e1523fc1db9119e6942885c28d3c0a9a","215b3c99427c83e5542db0aea07d491e","e76fde880f6eba58146a35c9be1b1ee4"
"63656af3fb08b4d5d8140f003bc25390","30/11/2022 19:36:23.531675","e1523fc1db9119e6942885c28d3c0a9a","8379865138e73290a4f90ec48cd18abf","fc0369c82504707af529b5ecc01276a6"
"fe79260ef46832a95e030ca86911804c","30/11/2022 19:36:23.531675","e1523fc1db9119e6942885c28d3c0a9a","9b77f72fd275e149c27480d5949867ea","625a485928020a6e2ca5c1abc97bd5b3"
"0be1d6457b73b9b65b48f7960c4ff3fb","30/11/2022 19:36:23.531675","e1523fc1db9119e6942885c28d3c0a9a","edb207a6417ba5f8777f73d3bb6aed04","d67637e16313ca6ab7b0c4c8ecb053a5"
"8fb9cf384346a6f987411b41dcfa3fb1","30/11/2022 19:36:23.531675","e1523fc1db9119e6942885c28d3c0a9a","cba9399912cb8c0537688756dff030da","32431df74c5084147abb9e4f269968bc"
"407577a71a602e58002a4380eaa91e9a","30/11/2022 19:36:23.531675","e1523fc1db9119e6942885c28d3c0a9a","c73b8801a13f9489e167d09435860b4e","392f17d8611369005f19243195f8c358"
"b25da93b6d01476c18c43ef8434c1212","30/11/2022 19:36:23.531675","e1523fc1db9119e6942885c28d3c0a9a","76e530aafa09f8bd9b418073f58692a5","3b6af0a6279682bd80b00df5dd7fe653"
"ca468ca5013d6b9a1546d498d8e0e9e5","30/11/2022 19:36:23.531675","e1523fc1db9119e6942885c28d3c0a9a","93d6d31ebcbf57dc4c8755896074678e","40b35dbc41899519d24754561cbafd3e"
"6eb1bc9cae1e7bcdb8ec20495bc492d2","30/11/2022 19:36:23.531675","e1523fc1db9119e6942885c28d3c0a9a","e4b20ccd62dc6e8425da9dda54fdfefc","418349865bd2e8c9e6de98319eaa8954"
"4c5bf6d6850ec640d2777719724dcc68","30/11/2022 19:36:23.531675","e1523fc1db9119e6942885c28d3c0a9a","a36ea04f84eb6ef5d0e8f8438f6710c5","41abd741d6c39a3771120e1ba443da03"
"9a7eac1b5b45413118d35bbd87086b1c","30/11/2022 19:36:23.531675","e1523fc1db9119e6942885c28d3c0a9a","e880b34864770a3eb7b86888fc419a7b","62e5312004e28c105adb6a71f460c995"
"4058c30de86bae127f14e1b149fb59df","30/11/2022 19:36:23.531675","e1523fc1db9119e6942885c28d3c0a9a","e2008d9614f13800a8eee38dcd7526ef","e6ad2c2810b97159b77fe27591b3d7e7"
"cf799b3fe0cc4cd1767c45234a27579a","30/11/2022 19:36:23.531675","e1523fc1db9119e6942885c28d3c0a9a","91e6eb689e6d74764c3e6191f73ee732","384d59f804f0181392e998c946b93aba"
"67eeeff4bb3c35e938beebdfd43e094f","30/11/2022 19:36:23.531675","e1523fc1db9119e6942885c28d3c0a9a","2e4da8399e2cf97fc177916a5b8be2b4","f56aad174cb4ddb8c720bdd04a0cff03"
"a68c260801a3b778e211ae9879481a47","30/11/2022 19:36:23.531675","e1523fc1db9119e6942885c28d3c0a9a","cfd670aad1e41fba51b54e6739ea9fe2","737aef35c5858edd6dad5712f1a2a18d"
"74710ac461ae1d923e1885cff839e50f","30/11/2022 19:36:23.531675","e1523fc1db9119e6942885c28d3c0a9a","0c9172ac5ed5f02e7842df3f1f9fd86f","6f4203438a099f8dc1f24c1586eaa469"
"24ff779c74a7e50fbaf134b69b320f0f","30/11/2022 19:36:23.531675","e1523fc1db9119e6942885c28d3c0a9a","dad8e5ce45583bd9159be39df55b00bb","a85c5c09d0c215d863541b8529b4ca5d"
"81a1f5097c73b8e2653b9a584a204e01","30/11/2022 19:36:23.531675","e1523fc1db9119e6942885c28d3c0a9a","dcb27fc614353945637d7bcbf206073d","c256d45e90bf2de55619863f0906239a"
"e138958e6bba22c7b5056bb352757230","30/11/2022 19:36:23.531675","e1523fc1db9119e6942885c28d3c0a9a","64c03cee55960e46d9311f7ee078cfa3","b984a4d79e7c2611a06698f43115479b"
"010ee59e4edb1466c0727d4bfa311706","30/11/2022 19:36:23.531675","e1523fc1db9119e6942885c28d3c0a9a","b2f87febcaba6090390071c8f4f08855","ca4bbdff11794bd34f9e0e2a0387e21a"
"6b8f55fee9b235e5862b79af501574d2","30/11/2022 19:36:23.531675","e1523fc1db9119e6942885c28d3c0a9a","8a59cf255cf76e7ba9da26608ee2f53b","bde31b0049d98c27a3905a39d3bbc350"
"e2dbb276d93ccf6979b41ee054c73b38","30/11/2022 19:36:23.531675","e1523fc1db9119e6942885c28d3c0a9a","585af0ca7ebc498f55956d6a917eb176","0d0e4278aef51c85cd6c2539b9a02351"
"780ef8f67e4eb5147ee9aa52828921e2","30/11/2022 19:36:23.531675","e1523fc1db9119e6942885c28d3c0a9a","45ea4ca4d96fe6a160441ac76dda18ea","1800bed0ac8da7e612e4621314c1abd6"
"e2223ca2d26a235c5f84cdfdbdbfc34e","30/11/2022 19:36:23.531675","e1523fc1db9119e6942885c28d3c0a9a","22367c58016e6a33b28f68501b4d9ca0","2abe2e7c6cf23f9d3f259c29b1521696"
"6eb07351a3972321b03494d30edb76b8","30/11/2022 19:36:23.531675","e1523fc1db9119e6942885c28d3c0a9a","d11c1024064f64dfb1cca3f9084ed0d6","3255c8e5f94551ace98375576af2b5ce"
"0c435945bcdcdd415fa7642b7f081eb7","30/11/2022 19:36:23.531675","e1523fc1db9119e6942885c28d3c0a9a","018e2a169f686cba4ee1479e2aac89f4","f01f7d368e2c8bb61ef86269ad608c14"
"e1c6505e1ab79a0bd79d7ec63b77897a","30/11/2022 19:36:23.531675","e1523fc1db9119e6942885c28d3c0a9a","6e76dce0dbfbd9f5dc595d1ffac7d48a","e75e0f03e0cc049fb015db2c3548cafd"
"7a1dfa524d2face8a7383638153c3a37","30/11/2022 19:36:23.531675","e1523fc1db9119e6942885c28d3c0a9a","67f8f0ed78e5024e2390783b4ce29140","232a2e44c84fab336709bde141cac3b2"
"302398cfd951ad92258fd231de8cdc4c","30/11/2022 19:36:23.531675","e1523fc1db9119e6942885c28d3c0a9a","327a7a376983820a202e81c8f599645f","508cb25dd437dd2819c84e414c4a91e8"
"b3a2d35473de966e19427b0fea1e569e","30/11/2022 19:36:23.531675","e1523fc1db9119e6942885c28d3c0a9a","8ecaa6808ac3a900dbc4a1c965be5b62","0f29c5e39440083eccaea0b502147bff"
"a0f812f7c6c900425081ddb3351b8fc5","30/11/2022 19:36:23.531675","e1523fc1db9119e6942885c28d3c0a9a","334ffb6072a70b41684b8eeb1367587f","d0a1ef7ecc449a5f99e98aa2bc6fc9a5"
"54862d2b3609bf918da209f4d49c2d5a","30/11/2022 19:36:23.531675","e1523fc1db9119e6942885c28d3c0a9a","de385c5a6bfea59919f2fb4b252efdfc","1d31f94364c7bc11742f8bc14c4a29c2"
"99d4d2c09718f13b9c032a29c7a22383","30/11/2022 19:36:23.531675","e1523fc1db9119e6942885c28d3c0a9a","dd2522375a753be5b4ea5890541a9882","9210143357b769a79312a368544e6969"
"55c0ff12542a3109b9d9eea9566a75641857cabfd15cb572aed6daec2344746f","30/11/2022 19:36:32.127085","9dbe3ce34c8750df0a9d8ce0aeab5da3","55c0ff12542a3109b9d9eea9566a7564","1857cabfd15cb572aed6daec2344746f"
"55c0ff12542a3109b9d9eea9566a7564dc8569250d256f44cf0a4a6c1f969b48","30/11/2022 19:36:32.127085","9dbe3ce34c8750df0a9d8ce0aeab5da3","55c0ff12542a3109b9d9eea9566a7564","dc8569250d256f44cf0a4a6c1f969b48"
"9dc0cd975c151a0be52e05bf144b5fb5dc8569250d256f44cf0a4a6c1f969b48","30/11/2022 19:36:32.127085","9dbe3ce34c8750df0a9d8ce0aeab5da3","9dc0cd975c151a0be52e05bf144b5fb5","dc8569250d256f44cf0a4a6c1f969b48"
"9dc0cd975c151a0be52e05bf144b5fb51857cabfd15cb572aed6daec2344746f","30/11/2022 19:36:32.127085","9dbe3ce34c8750df0a9d8ce0aeab5da3","9dc0cd975c151a0be52e05bf144b5fb5","1857cabfd15cb572aed6daec2344746f"
"823a633f2425b3b6cf12f0cc865b619edc8569250d256f44cf0a4a6c1f969b48","30/11/2022 19:36:32.127085","9dbe3ce34c8750df0a9d8ce0aeab5da3","823a633f2425b3b6cf12f0cc865b619e","dc8569250d256f44cf0a4a6c1f969b48"
"823a633f2425b3b6cf12f0cc865b619e1857cabfd15cb572aed6daec2344746f","30/11/2022 19:36:32.127085","9dbe3ce34c8750df0a9d8ce0aeab5da3","823a633f2425b3b6cf12f0cc865b619e","1857cabfd15cb572aed6daec2344746f"
"163bfbe9f33d20496c89395fabb4366afbf364d2763c742323132abaea517c12","30/11/2022 19:36:32.127085","9dbe3ce34c8750df0a9d8ce0aeab5da3","163bfbe9f33d20496c89395fabb4366a","fbf364d2763c742323132abaea517c12"
"163bfbe9f33d20496c89395fabb4366a12e8fd13239906adae91fc7e72f28b50","30/11/2022 19:36:32.127085","9dbe3ce34c8750df0a9d8ce0aeab5da3","163bfbe9f33d20496c89395fabb4366a","12e8fd13239906adae91fc7e72f28b50"
"9a2949f6e62291581fd3f6071ab7e20712e8fd13239906adae91fc7e72f28b50","30/11/2022 19:36:32.127085","9dbe3ce34c8750df0a9d8ce0aeab5da3","9a2949f6e62291581fd3f6071ab7e207","12e8fd13239906adae91fc7e72f28b50"
"9a2949f6e62291581fd3f6071ab7e207fbf364d2763c742323132abaea517c12","30/11/2022 19:36:32.127085","9dbe3ce34c8750df0a9d8ce0aeab5da3","9a2949f6e62291581fd3f6071ab7e207","fbf364d2763c742323132abaea517c12"
"8313a9fdadf3f43280e33dda02e59f9f12e8fd13239906adae91fc7e72f28b50","30/11/2022 19:36:32.127085","9dbe3ce34c8750df0a9d8ce0aeab5da3","8313a9fdadf3f43280e33dda02e59f9f","12e8fd13239906adae91fc7e72f28b50"
"8313a9fdadf3f43280e33dda02e59f9ffbf364d2763c742323132abaea517c12","30/11/2022 19:36:32.127085","9dbe3ce34c8750df0a9d8ce0aeab5da3","8313a9fdadf3f43280e33dda02e59f9f","fbf364d2763c742323132abaea517c12"
"bf552b7fd1c684a92c74b176baf3a4f8c0b7e5a9b480675e5be178ae55a4972f","30/11/2022 19:36:32.127085","9dbe3ce34c8750df0a9d8ce0aeab5da3","bf552b7fd1c684a92c74b176baf3a4f8","c0b7e5a9b480675e5be178ae55a4972f"
"bf552b7fd1c684a92c74b176baf3a4f851c009fcb0afa73112f74f16e8c79126","30/11/2022 19:36:32.127085","9dbe3ce34c8750df0a9d8ce0aeab5da3","bf552b7fd1c684a92c74b176baf3a4f8","51c009fcb0afa73112f74f16e8c79126"
"98f6cec499610a842b235a0195804d5851c009fcb0afa73112f74f16e8c79126","30/11/2022 19:36:32.127085","9dbe3ce34c8750df0a9d8ce0aeab5da3","98f6cec499610a842b235a0195804d58","51c009fcb0afa73112f74f16e8c79126"
"e089477bbcbad42e68dfa50e67a2239a51c009fcb0afa73112f74f16e8c79126","30/11/2022 19:36:32.127085","9dbe3ce34c8750df0a9d8ce0aeab5da3","e089477bbcbad42e68dfa50e67a2239a","51c009fcb0afa73112f74f16e8c79126"
"9b4fc3446b7b5e901ae2c5920cb4ce8b428553dd48a6bfb21b65e9410786c1d6","30/11/2022 19:36:32.127085","9dbe3ce34c8750df0a9d8ce0aeab5da3","9b4fc3446b7b5e901ae2c5920cb4ce8b","428553dd48a6bfb21b65e9410786c1d6"
"9b4fc3446b7b5e901ae2c5920cb4ce8bf8513e04c950c18e945e596ba104a36a","30/11/2022 19:36:32.127085","9dbe3ce34c8750df0a9d8ce0aeab5da3","9b4fc3446b7b5e901ae2c5920cb4ce8b","f8513e04c950c18e945e596ba104a36a"
"e2ec02dabdef2da229fe2f2b4211bd6cf8513e04c950c18e945e596ba104a36a","30/11/2022 19:36:32.127085","9dbe3ce34c8750df0a9d8ce0aeab5da3","e2ec02dabdef2da229fe2f2b4211bd6c","f8513e04c950c18e945e596ba104a36a"
"e598364c8461a99d9341c9f9cb85f2a6f8513e04c950c18e945e596ba104a36a","30/11/2022 19:36:32.127085","9dbe3ce34c8750df0a9d8ce0aeab5da3","e598364c8461a99d9341c9f9cb85f2a6","f8513e04c950c18e945e596ba104a36a"
"32126cca1e6604770b5830ed9f57b41155f67127d3816e64485fb914d1839c8d","30/11/2022 19:36:32.127085","9dbe3ce34c8750df0a9d8ce0aeab5da3","32126cca1e6604770b5830ed9f57b411","55f67127d3816e64485fb914d1839c8d"
"32126cca1e6604770b5830ed9f57b4116f8526578894dc2f8c105bb52f96ff0e","30/11/2022 19:36:32.127085","9dbe3ce34c8750df0a9d8ce0aeab5da3","32126cca1e6604770b5830ed9f57b411","6f8526578894dc2f8c105bb52f96ff0e"
"66467ae7c1300b4556dd138c0941f32c6f8526578894dc2f8c105bb52f96ff0e","30/11/2022 19:36:32.127085","9dbe3ce34c8750df0a9d8ce0aeab5da3","66467ae7c1300b4556dd138c0941f32c","6f8526578894dc2f8c105bb52f96ff0e"
"66467ae7c1300b4556dd138c0941f32c55f67127d3816e64485fb914d1839c8d","30/11/2022 19:36:32.127085","9dbe3ce34c8750df0a9d8ce0aeab5da3","66467ae7c1300b4556dd138c0941f32c","55f67127d3816e64485fb914d1839c8d"
"7e4a88c0ba0fc85dde1592e00bb063006f8526578894dc2f8c105bb52f96ff0e","30/11/2022 19:36:32.127085","9dbe3ce34c8750df0a9d8ce0aeab5da3","7e4a88c0ba0fc85dde1592e00bb06300","6f8526578894dc2f8c105bb52f96ff0e"
"7e4a88c0ba0fc85dde1592e00bb0630055f67127d3816e64485fb914d1839c8d","30/11/2022 19:36:32.127085","9dbe3ce34c8750df0a9d8ce0aeab5da3","7e4a88c0ba0fc85dde1592e00bb06300","55f67127d3816e64485fb914d1839c8d"
"f19a61c9fdd82251566bfdaa9cd0238aad208589b19c592867a7b0b2bb41ffce","30/11/2022 19:36:32.127085","9dbe3ce34c8750df0a9d8ce0aeab5da3","f19a61c9fdd82251566bfdaa9cd0238a","ad208589b19c592867a7b0b2bb41ffce"
"f19a61c9fdd82251566bfdaa9cd0238a819ac2bd34ad073bf25648536da6157f","30/11/2022 19:36:32.127085","9dbe3ce34c8750df0a9d8ce0aeab5da3","f19a61c9fdd82251566bfdaa9cd0238a","819ac2bd34ad073bf25648536da6157f"
"f48eede6f99226dd16aaeda1661adf42819ac2bd34ad073bf25648536da6157f","30/11/2022 19:36:32.127085","9dbe3ce34c8750df0a9d8ce0aeab5da3","f48eede6f99226dd16aaeda1661adf42","819ac2bd34ad073bf25648536da6157f"
"f48eede6f99226dd16aaeda1661adf42ad208589b19c592867a7b0b2bb41ffce","30/11/2022 19:36:32.127085","9dbe3ce34c8750df0a9d8ce0aeab5da3","f48eede6f99226dd16aaeda1661adf42","ad208589b19c592867a7b0b2bb41ffce"
"af912f5875bbe0101003fd2494965aed819ac2bd34ad073bf25648536da6157f","30/11/2022 19:36:32.127085","9dbe3ce34c8750df0a9d8ce0aeab5da3","af912f5875bbe0101003fd2494965aed","819ac2bd34ad073bf25648536da6157f"
"af912f5875bbe0101003fd2494965aedad208589b19c592867a7b0b2bb41ffce","30/11/2022 19:36:32.127085","9dbe3ce34c8750df0a9d8ce0aeab5da3","af912f5875bbe0101003fd2494965aed","ad208589b19c592867a7b0b2bb41ffce"
"2c16c97a12fd891e76c64d28bc6be183178708475027d7e1d57df85c05885be3","30/11/2022 19:36:32.127085","9dbe3ce34c8750df0a9d8ce0aeab5da3","2c16c97a12fd891e76c64d28bc6be183","178708475027d7e1d57df85c05885be3"
"2c16c97a12fd891e76c64d28bc6be183f2e061072a61e882861fd05c409bad71","30/11/2022 19:36:32.127085","9dbe3ce34c8750df0a9d8ce0aeab5da3","2c16c97a12fd891e76c64d28bc6be183","f2e061072a61e882861fd05c409bad71"
"8fc32965e863845cd977f160a718f87af2e061072a61e882861fd05c409bad71","30/11/2022 19:36:32.127085","9dbe3ce34c8750df0a9d8ce0aeab5da3","8fc32965e863845cd977f160a718f87a","f2e061072a61e882861fd05c409bad71"
"8fc32965e863845cd977f160a718f87a178708475027d7e1d57df85c05885be3","30/11/2022 19:36:32.127085","9dbe3ce34c8750df0a9d8ce0aeab5da3","8fc32965e863845cd977f160a718f87a","178708475027d7e1d57df85c05885be3"
"c00cc774a16bb00be28c97251893fda7f2e061072a61e882861fd05c409bad71","30/11/2022 19:36:32.127085","9dbe3ce34c8750df0a9d8ce0aeab5da3","c00cc774a16bb00be28c97251893fda7","f2e061072a61e882861fd05c409bad71"
"c00cc774a16bb00be28c97251893fda7178708475027d7e1d57df85c05885be3","30/11/2022 19:36:32.127085","9dbe3ce34c8750df0a9d8ce0aeab5da3","c00cc774a16bb00be28c97251893fda7","178708475027d7e1d57df85c05885be3"
"292d2b5a272c541e404a6bcfd84641d3e024bb36a4d52d3f752b1111c05e4dda","30/11/2022 19:36:32.127085","9dbe3ce34c8750df0a9d8ce0aeab5da3","292d2b5a272c541e404a6bcfd84641d3","e024bb36a4d52d3f752b1111c05e4dda"
"292d2b5a272c541e404a6bcfd84641d30e040aad6022a8f60b34499882c15891","30/11/2022 19:36:32.127085","9dbe3ce34c8750df0a9d8ce0aeab5da3","292d2b5a272c541e404a6bcfd84641d3","0e040aad6022a8f60b34499882c15891"
"a902a1b25f7daf24239b48f9a99f45790e040aad6022a8f60b34499882c15891","30/11/2022 19:36:32.127085","9dbe3ce34c8750df0a9d8ce0aeab5da3","a902a1b25f7daf24239b48f9a99f4579","0e040aad6022a8f60b34499882c15891"
"a902a1b25f7daf24239b48f9a99f4579e024bb36a4d52d3f752b1111c05e4dda","30/11/2022 19:36:32.127085","9dbe3ce34c8750df0a9d8ce0aeab5da3","a902a1b25f7daf24239b48f9a99f4579","e024bb36a4d52d3f752b1111c05e4dda"
"14db5053789a0ab6e6cb1ad01c436b360e040aad6022a8f60b34499882c15891","30/11/2022 19:36:32.127085","9dbe3ce34c8750df0a9d8ce0aeab5da3","14db5053789a0ab6e6cb1ad01c436b36","0e040aad6022a8f60b34499882c15891"
"14db5053789a0ab6e6cb1ad01c436b36e024bb36a4d52d3f752b1111c05e4dda","30/11/2022 19:36:32.127085","9dbe3ce34c8750df0a9d8ce0aeab5da3","14db5053789a0ab6e6cb1ad01c436b36","e024bb36a4d52d3f752b1111c05e4dda"
"2759546117724e71fc2b6fe91b4981f5b5d903fa864ad9067159378e1723e545","30/11/2022 19:36:32.127085","9dbe3ce34c8750df0a9d8ce0aeab5da3","2759546117724e71fc2b6fe91b4981f5","b5d903fa864ad9067159378e1723e545"
"2759546117724e71fc2b6fe91b4981f5bf142dc1a4ff81fcc5e4c57c8b5cbf86","30/11/2022 19:36:32.127085","9dbe3ce34c8750df0a9d8ce0aeab5da3","2759546117724e71fc2b6fe91b4981f5","bf142dc1a4ff81fcc5e4c57c8b5cbf86"
"031bc635a431df1a4143fa0bacc3cde6bf142dc1a4ff81fcc5e4c57c8b5cbf86","30/11/2022 19:36:32.127085","9dbe3ce34c8750df0a9d8ce0aeab5da3","031bc635a431df1a4143fa0bacc3cde6","bf142dc1a4ff81fcc5e4c57c8b5cbf86"
"031bc635a431df1a4143fa0bacc3cde6b5d903fa864ad9067159378e1723e545","30/11/2022 19:36:32.127085","9dbe3ce34c8750df0a9d8ce0aeab5da3","031bc635a431df1a4143fa0bacc3cde6","b5d903fa864ad9067159378e1723e545"
"f6f2ca1225cf92aa3381c80992a9ff35bf142dc1a4ff81fcc5e4c57c8b5cbf86","30/11/2022 19:36:32.127085","9dbe3ce34c8750df0a9d8ce0aeab5da3","f6f2ca1225cf92aa3381c80992a9ff35","bf142dc1a4ff81fcc5e4c57c8b5cbf86"
"f6f2ca1225cf92aa3381c80992a9ff35b5d903fa864ad9067159378e1723e545","30/11/2022 19:36:32.127085","9dbe3ce34c8750df0a9d8ce0aeab5da3","f6f2ca1225cf92aa3381c80992a9ff35","b5d903fa864ad9067159378e1723e545"
"961c8d4e7345f7d291b6f479f75ec5725b06d5c4882fff45cc05b18f37b720b5","30/11/2022 19:36:32.127085","9dbe3ce34c8750df0a9d8ce0aeab5da3","961c8d4e7345f7d291b6f479f75ec572","5b06d5c4882fff45cc05b18f37b720b5"
"961c8d4e7345f7d291b6f479f75ec572ed31e6c2cd37c63d37fe5719050fe92b","30/11/2022 19:36:32.127085","9dbe3ce34c8750df0a9d8ce0aeab5da3","961c8d4e7345f7d291b6f479f75ec572","ed31e6c2cd37c63d37fe5719050fe92b"
"1cd807f27edf395a811b1a077cb0a5d4ed31e6c2cd37c63d37fe5719050fe92b","30/11/2022 19:36:32.127085","9dbe3ce34c8750df0a9d8ce0aeab5da3","1cd807f27edf395a811b1a077cb0a5d4","ed31e6c2cd37c63d37fe5719050fe92b"
"1cd807f27edf395a811b1a077cb0a5d45b06d5c4882fff45cc05b18f37b720b5","30/11/2022 19:36:32.127085","9dbe3ce34c8750df0a9d8ce0aeab5da3","1cd807f27edf395a811b1a077cb0a5d4","5b06d5c4882fff45cc05b18f37b720b5"
"9489dfc1f44038e813a74e54f8e6f1dced31e6c2cd37c63d37fe5719050fe92b","30/11/2022 19:36:32.127085","9dbe3ce34c8750df0a9d8ce0aeab5da3","9489dfc1f44038e813a74e54f8e6f1dc","ed31e6c2cd37c63d37fe5719050fe92b"
"9489dfc1f44038e813a74e54f8e6f1dc5b06d5c4882fff45cc05b18f37b720b5","30/11/2022 19:36:32.127085","9dbe3ce34c8750df0a9d8ce0aeab5da3","9489dfc1f44038e813a74e54f8e6f1dc","5b06d5c4882fff45cc05b18f37b720b5"
"7dae9d566cee2dadf57c07538893e1cb6152c53c3354bd1546f72b7b307aabf3","30/11/2022 19:36:32.127085","9dbe3ce34c8750df0a9d8ce0aeab5da3","7dae9d566cee2dadf57c07538893e1cb","6152c53c3354bd1546f72b7b307aabf3"
"7dae9d566cee2dadf57c07538893e1cb7573ecedcbb9789c15135d2e6075e8a7","30/11/2022 19:36:32.127085","9dbe3ce34c8750df0a9d8ce0aeab5da3","7dae9d566cee2dadf57c07538893e1cb","7573ecedcbb9789c15135d2e6075e8a7"
"a9bd16a1d521ef0619ae9f24593b418d7573ecedcbb9789c15135d2e6075e8a7","30/11/2022 19:36:32.127085","9dbe3ce34c8750df0a9d8ce0aeab5da3","a9bd16a1d521ef0619ae9f24593b418d","7573ecedcbb9789c15135d2e6075e8a7"
"a9bd16a1d521ef0619ae9f24593b418d6152c53c3354bd1546f72b7b307aabf3","30/11/2022 19:36:32.127085","9dbe3ce34c8750df0a9d8ce0aeab5da3","a9bd16a1d521ef0619ae9f24593b418d","6152c53c3354bd1546f72b7b307aabf3"
"1a5b07c7001cabff50e3485f05d64d2f7573ecedcbb9789c15135d2e6075e8a7","30/11/2022 19:36:32.127085","9dbe3ce34c8750df0a9d8ce0aeab5da3","1a5b07c7001cabff50e3485f05d64d2f","7573ecedcbb9789c15135d2e6075e8a7"
"1a5b07c7001cabff50e3485f05d64d2f6152c53c3354bd1546f72b7b307aabf3","30/11/2022 19:36:32.127085","9dbe3ce34c8750df0a9d8ce0aeab5da3","1a5b07c7001cabff50e3485f05d64d2f","6152c53c3354bd1546f72b7b307aabf3"
"9deafcf01c36f64c7d8bcdd2914db34679880e0098e4ee9e4a8c7b437ffd773b","30/11/2022 19:36:32.127085","9dbe3ce34c8750df0a9d8ce0aeab5da3","9deafcf01c36f64c7d8bcdd2914db346","79880e0098e4ee9e4a8c7b437ffd773b"
"9deafcf01c36f64c7d8bcdd2914db346bdc4d012488124e239ffc00130dd1d9e","30/11/2022 19:36:32.127085","9dbe3ce34c8750df0a9d8ce0aeab5da3","9deafcf01c36f64c7d8bcdd2914db346","bdc4d012488124e239ffc00130dd1d9e"
"4b4e14e4c02f1c0cb86218a0c21f6131bdc4d012488124e239ffc00130dd1d9e","30/11/2022 19:36:32.127085","9dbe3ce34c8750df0a9d8ce0aeab5da3","4b4e14e4c02f1c0cb86218a0c21f6131","bdc4d012488124e239ffc00130dd1d9e"
"4b4e14e4c02f1c0cb86218a0c21f613179880e0098e4ee9e4a8c7b437ffd773b","30/11/2022 19:36:32.127085","9dbe3ce34c8750df0a9d8ce0aeab5da3","4b4e14e4c02f1c0cb86218a0c21f6131","79880e0098e4ee9e4a8c7b437ffd773b"
"7cae3ffdd31023de6bebcad3c1ae1b31bdc4d012488124e239ffc00130dd1d9e","30/11/2022 19:36:32.127085","9dbe3ce34c8750df0a9d8ce0aeab5da3","7cae3ffdd31023de6bebcad3c1ae1b31","bdc4d012488124e239ffc00130dd1d9e"
"7cae3ffdd31023de6bebcad3c1ae1b3179880e0098e4ee9e4a8c7b437ffd773b","30/11/2022 19:36:32.127085","9dbe3ce34c8750df0a9d8ce0aeab5da3","7cae3ffdd31023de6bebcad3c1ae1b31","79880e0098e4ee9e4a8c7b437ffd773b"
"d19d8009d57653674833b6fb47e30199c4dda42e0db9784d9f9fa336406734c0","30/11/2022 19:36:32.127085","9dbe3ce34c8750df0a9d8ce0aeab5da3","d19d8009d57653674833b6fb47e30199","c4dda42e0db9784d9f9fa336406734c0"
"d19d8009d57653674833b6fb47e301998659382d8c44ef192b29a903e262e75c","30/11/2022 19:36:32.127085","9dbe3ce34c8750df0a9d8ce0aeab5da3","d19d8009d57653674833b6fb47e30199","8659382d8c44ef192b29a903e262e75c"
"6f5cee87a313d33acd4847b11b398a368659382d8c44ef192b29a903e262e75c","30/11/2022 19:36:32.127085","9dbe3ce34c8750df0a9d8ce0aeab5da3","6f5cee87a313d33acd4847b11b398a36","8659382d8c44ef192b29a903e262e75c"
"6f5cee87a313d33acd4847b11b398a36c4dda42e0db9784d9f9fa336406734c0","30/11/2022 19:36:32.127085","9dbe3ce34c8750df0a9d8ce0aeab5da3","6f5cee87a313d33acd4847b11b398a36","c4dda42e0db9784d9f9fa336406734c0"
"4d2583e6aca989e3819081d33e32ab038659382d8c44ef192b29a903e262e75c","30/11/2022 19:36:32.127085","9dbe3ce34c8750df0a9d8ce0aeab5da3","4d2583e6aca989e3819081d33e32ab03","8659382d8c44ef192b29a903e262e75c"
"4d2583e6aca989e3819081d33e32ab03c4dda42e0db9784d9f9fa336406734c0","30/11/2022 19:36:32.127085","9dbe3ce34c8750df0a9d8ce0aeab5da3","4d2583e6aca989e3819081d33e32ab03","c4dda42e0db9784d9f9fa336406734c0"
"72480a8241c7bb76f79d4a47c09f060809f8374554da86365ff142a272b1d757","30/11/2022 19:36:32.127085","9dbe3ce34c8750df0a9d8ce0aeab5da3","72480a8241c7bb76f79d4a47c09f0608","09f8374554da86365ff142a272b1d757"
"72480a8241c7bb76f79d4a47c09f060860e0764727fb5b3634c5eab4ea8987f5","30/11/2022 19:36:32.127085","9dbe3ce34c8750df0a9d8ce0aeab5da3","72480a8241c7bb76f79d4a47c09f0608","60e0764727fb5b3634c5eab4ea8987f5"
"f37162c63f1770cdc478ed694a83034c60e0764727fb5b3634c5eab4ea8987f5","30/11/2022 19:36:32.127085","9dbe3ce34c8750df0a9d8ce0aeab5da3","f37162c63f1770cdc478ed694a83034c","60e0764727fb5b3634c5eab4ea8987f5"
"f37162c63f1770cdc478ed694a83034c09f8374554da86365ff142a272b1d757","30/11/2022 19:36:32.127085","9dbe3ce34c8750df0a9d8ce0aeab5da3","f37162c63f1770cdc478ed694a83034c","09f8374554da86365ff142a272b1d757"
"41a274b6ce3bff7dd7515232f645a6f260e0764727fb5b3634c5eab4ea8987f5","30/11/2022 19:36:32.127085","9dbe3ce34c8750df0a9d8ce0aeab5da3","41a274b6ce3bff7dd7515232f645a6f2","60e0764727fb5b3634c5eab4ea8987f5"
"41a274b6ce3bff7dd7515232f645a6f209f8374554da86365ff142a272b1d757","30/11/2022 19:36:32.127085","9dbe3ce34c8750df0a9d8ce0aeab5da3","41a274b6ce3bff7dd7515232f645a6f2","09f8374554da86365ff142a272b1d757"
"e49957edb042f3ae58900939bd90a97f808924a9f210bbff3fb6e700ac51bff3","30/11/2022 19:36:32.127085","9dbe3ce34c8750df0a9d8ce0aeab5da3","e49957edb042f3ae58900939bd90a97f","808924a9f210bbff3fb6e700ac51bff3"
"e49957edb042f3ae58900939bd90a97fae3dd2e87c86b951420cffdb4e714230","30/11/2022 19:36:32.127085","9dbe3ce34c8750df0a9d8ce0aeab5da3","e49957edb042f3ae58900939bd90a97f","ae3dd2e87c86b951420cffdb4e714230"
"e68d1d52bf5b6408232ed7a20ca2eb1fae3dd2e87c86b951420cffdb4e714230","30/11/2022 19:36:32.127085","9dbe3ce34c8750df0a9d8ce0aeab5da3","e68d1d52bf5b6408232ed7a20ca2eb1f","ae3dd2e87c86b951420cffdb4e714230"
"e68d1d52bf5b6408232ed7a20ca2eb1f808924a9f210bbff3fb6e700ac51bff3","30/11/2022 19:36:32.127085","9dbe3ce34c8750df0a9d8ce0aeab5da3","e68d1d52bf5b6408232ed7a20ca2eb1f","808924a9f210bbff3fb6e700ac51bff3"
"a63dc1c9b174cc7476aaf10fde84a245ae3dd2e87c86b951420cffdb4e714230","30/11/2022 19:36:32.127085","9dbe3ce34c8750df0a9d8ce0aeab5da3","a63dc1c9b174cc7476aaf10fde84a245","ae3dd2e87c86b951420cffdb4e714230"
"a63dc1c9b174cc7476aaf10fde84a245808924a9f210bbff3fb6e700ac51bff3","30/11/2022 19:36:32.127085","9dbe3ce34c8750df0a9d8ce0aeab5da3","a63dc1c9b174cc7476aaf10fde84a245","808924a9f210bbff3fb6e700ac51bff3"
"72176fc47f684b2376cc9c6a917de477f5b1d6b8bcb936d1dc779491b55ea260","30/11/2022 19:36:32.127085","9dbe3ce34c8750df0a9d8ce0aeab5da3","72176fc47f684b2376cc9c6a917de477","f5b1d6b8bcb936d1dc779491b55ea260"
"72176fc47f684b2376cc9c6a917de477a7353306cb3ef58f8970777aedea03ba","30/11/2022 19:36:32.127085","9dbe3ce34c8750df0a9d8ce0aeab5da3","72176fc47f684b2376cc9c6a917de477","a7353306cb3ef58f8970777aedea03ba"
"48253c0714e4a1c57e8ce000e6f065a7a7353306cb3ef58f8970777aedea03ba","30/11/2022 19:36:32.127085","9dbe3ce34c8750df0a9d8ce0aeab5da3","48253c0714e4a1c57e8ce000e6f065a7","a7353306cb3ef58f8970777aedea03ba"
"48253c0714e4a1c57e8ce000e6f065a7f5b1d6b8bcb936d1dc779491b55ea260","30/11/2022 19:36:32.127085","9dbe3ce34c8750df0a9d8ce0aeab5da3","48253c0714e4a1c57e8ce000e6f065a7","f5b1d6b8bcb936d1dc779491b55ea260"
"9fa2547087bb387002eef4724809b868a7353306cb3ef58f8970777aedea03ba","30/11/2022 19:36:32.127085","9dbe3ce34c8750df0a9d8ce0aeab5da3","9fa2547087bb387002eef4724809b868","a7353306cb3ef58f8970777aedea03ba"
"9fa2547087bb387002eef4724809b868f5b1d6b8bcb936d1dc779491b55ea260","30/11/2022 19:36:32.127085","9dbe3ce34c8750df0a9d8ce0aeab5da3","9fa2547087bb387002eef4724809b868","f5b1d6b8bcb936d1dc779491b55ea260"
"87ebf1689de46b94e9299ad719a8dd4680da186cde03efebb4a0f3138cb282f8","30/11/2022 19:36:32.127085","9dbe3ce34c8750df0a9d8ce0aeab5da3","87ebf1689de46b94e9299ad719a8dd46","80da186cde03efebb4a0f3138cb282f8"
"87ebf1689de46b94e9299ad719a8dd46bd739db21859f0175d6707affd3539c5","30/11/2022 19:36:32.127085","9dbe3ce34c8750df0a9d8ce0aeab5da3","87ebf1689de46b94e9299ad719a8dd46","bd739db21859f0175d6707affd3539c5"
"60267cf46be305c4fb4ccc7387156711bd739db21859f0175d6707affd3539c5","30/11/2022 19:36:32.127085","9dbe3ce34c8750df0a9d8ce0aeab5da3","60267cf46be305c4fb4ccc7387156711","bd739db21859f0175d6707affd3539c5"
"60267cf46be305c4fb4ccc738715671180da186cde03efebb4a0f3138cb282f8","30/11/2022 19:36:32.127085","9dbe3ce34c8750df0a9d8ce0aeab5da3","60267cf46be305c4fb4ccc7387156711","80da186cde03efebb4a0f3138cb282f8"
"a1256fb4e4a26b056096bfd2ae8b0ec2bd739db21859f0175d6707affd3539c5","30/11/2022 19:36:32.127085","9dbe3ce34c8750df0a9d8ce0aeab5da3","a1256fb4e4a26b056096bfd2ae8b0ec2","bd739db21859f0175d6707affd3539c5"
"a1256fb4e4a26b056096bfd2ae8b0ec280da186cde03efebb4a0f3138cb282f8","30/11/2022 19:36:32.127085","9dbe3ce34c8750df0a9d8ce0aeab5da3","a1256fb4e4a26b056096bfd2ae8b0ec2","80da186cde03efebb4a0f3138cb282f8"
"56183cc23e38cce296944910934375044f766a43737d2dd25eaba051b362c258","30/11/2022 19:36:32.127085","9dbe3ce34c8750df0a9d8ce0aeab5da3","56183cc23e38cce29694491093437504","4f766a43737d2dd25eaba051b362c258"
"56183cc23e38cce29694491093437504667f9118276d50f1201b940cf6e0295c","30/11/2022 19:36:32.127085","9dbe3ce34c8750df0a9d8ce0aeab5da3","56183cc23e38cce29694491093437504","667f9118276d50f1201b940cf6e0295c"
"a8468787f0ba4377d669d3149aa45a34667f9118276d50f1201b940cf6e0295c","30/11/2022 19:36:32.127085","9dbe3ce34c8750df0a9d8ce0aeab5da3","a8468787f0ba4377d669d3149aa45a34","667f9118276d50f1201b940cf6e0295c"
"a8468787f0ba4377d669d3149aa45a344f766a43737d2dd25eaba051b362c258","30/11/2022 19:36:32.127085","9dbe3ce34c8750df0a9d8ce0aeab5da3","a8468787f0ba4377d669d3149aa45a34","4f766a43737d2dd25eaba051b362c258"
"366e47d07268ecb16393eda5f2f83cc1667f9118276d50f1201b940cf6e0295c","30/11/2022 19:36:32.127085","9dbe3ce34c8750df0a9d8ce0aeab5da3","366e47d07268ecb16393eda5f2f83cc1","667f9118276d50f1201b940cf6e0295c"
"366e47d07268ecb16393eda5f2f83cc14f766a43737d2dd25eaba051b362c258","30/11/2022 19:36:32.127085","9dbe3ce34c8750df0a9d8ce0aeab5da3","366e47d07268ecb16393eda5f2f83cc1","4f766a43737d2dd25eaba051b362c258"
"cdc384b9fd55606dece14671cce67102fa81ce9d438f3e6686a2831f44985efd","30/11/2022 19:36:32.127085","9dbe3ce34c8750df0a9d8ce0aeab5da3","cdc384b9fd55606dece14671cce67102","fa81ce9d438f3e6686a2831f44985efd"
"cdc384b9fd55606dece14671cce67102ef83bec205614c83bae479195c27bf15","30/11/2022 19:36:32.127085","9dbe3ce34c8750df0a9d8ce0aeab5da3","cdc384b9fd55606dece14671cce67102","ef83bec205614c83bae479195c27bf15"
"384fd4e3ad567458b352e9bed3513811ef83bec205614c83bae479195c27bf15","30/11/2022 19:36:32.127085","9dbe3ce34c8750df0a9d8ce0aeab5da3","384fd4e3ad567458b352e9bed3513811","ef83bec205614c83bae479195c27bf15"
"384fd4e3ad567458b352e9bed3513811fa81ce9d438f3e6686a2831f44985efd","30/11/2022 19:36:32.127085","9dbe3ce34c8750df0a9d8ce0aeab5da3","384fd4e3ad567458b352e9bed3513811","fa81ce9d438f3e6686a2831f44985efd"
"ae6f4946bcd1a60ec741b11cfd5c5302ef83bec205614c83bae479195c27bf15","30/11/2022 19:36:32.127085","9dbe3ce34c8750df0a9d8ce0aeab5da3","ae6f4946bcd1a60ec741b11cfd5c5302","ef83bec205614c83bae479195c27bf15"
"ae6f4946bcd1a60ec741b11cfd5c5302fa81ce9d438f3e6686a2831f44985efd","30/11/2022 19:36:32.127085","9dbe3ce34c8750df0a9d8ce0aeab5da3","ae6f4946bcd1a60ec741b11cfd5c5302","fa81ce9d438f3e6686a2831f44985efd"
"da5a0f4d842f29f4af11864f6e60dcd54437958c5d7e2b47fa8b66e8d38d7bf3","30/11/2022 19:36:32.127085","9dbe3ce34c8750df0a9d8ce0aeab5da3","da5a0f4d842f29f4af11864f6e60dcd5","4437958c5d7e2b47fa8b66e8d38d7bf3"
"da5a0f4d842f29f4af11864f6e60dcd5a4569e9153235d5bea5ebf2a3fd9d45c","30/11/2022 19:36:32.127085","9dbe3ce34c8750df0a9d8ce0aeab5da3","da5a0f4d842f29f4af11864f6e60dcd5","a4569e9153235d5bea5ebf2a3fd9d45c"
"b91cccdaefc332c32ee95ce66072161da4569e9153235d5bea5ebf2a3fd9d45c","30/11/2022 19:36:32.127085","9dbe3ce34c8750df0a9d8ce0aeab5da3","b91cccdaefc332c32ee95ce66072161d","a4569e9153235d5bea5ebf2a3fd9d45c"
"b91cccdaefc332c32ee95ce66072161d4437958c5d7e2b47fa8b66e8d38d7bf3","30/11/2022 19:36:32.127085","9dbe3ce34c8750df0a9d8ce0aeab5da3","b91cccdaefc332c32ee95ce66072161d","4437958c5d7e2b47fa8b66e8d38d7bf3"
"ec9108fb24f1711ad963d7e9875e46cda4569e9153235d5bea5ebf2a3fd9d45c","30/11/2022 19:36:32.127085","9dbe3ce34c8750df0a9d8ce0aeab5da3","ec9108fb24f1711ad963d7e9875e46cd","a4569e9153235d5bea5ebf2a3fd9d45c"
"ec9108fb24f1711ad963d7e9875e46cd4437958c5d7e2b47fa8b66e8d38d7bf3","30/11/2022 19:36:32.127085","9dbe3ce34c8750df0a9d8ce0aeab5da3","ec9108fb24f1711ad963d7e9875e46cd","4437958c5d7e2b47fa8b66e8d38d7bf3"
