"participatesinhashkey","participatesintimestamp","participatesinrecsrc","experimentalunit","experimentid"
"4c6b326bc22992e21b9e730af230c9e0","30/11/2022 19:36:23.531675","e1523fc1db9119e6942885c28d3c0a9a","c0b290422c3334d3e2880f9b41c77ab1","583a65df9db4119165f5ea0abaa50281"
"721e40335da93c2bb08d70875d1bbf2f","30/11/2022 19:36:23.531675","e1523fc1db9119e6942885c28d3c0a9a","553065962c72a797e3e44ab8e90c8317","583a65df9db4119165f5ea0abaa50281"
"b13dc8f447f057c6a06ac047e8f2416b","30/11/2022 19:36:23.531675","e1523fc1db9119e6942885c28d3c0a9a","02a2f9c9ae9afa1e2d90565b11d5b29b","583a65df9db4119165f5ea0abaa50281"
"eee6e2bc947c4d9bdb9a8d8d2f8ce785","30/11/2022 19:36:23.531675","e1523fc1db9119e6942885c28d3c0a9a","8db306fa4c93fdb68d89cca1e04f53be","583a65df9db4119165f5ea0abaa50281"
"4fd88e2d2ee59c5a4bd13205d631cd6e","30/11/2022 19:36:23.531675","e1523fc1db9119e6942885c28d3c0a9a","887b419552d85ea9bdec287aabfaf9e7","583a65df9db4119165f5ea0abaa50281"
"8bfbe5d6024abbef0e13d388ab03324f","30/11/2022 19:36:23.531675","e1523fc1db9119e6942885c28d3c0a9a","b6d63dc5b360d72996be0abca4a52574","583a65df9db4119165f5ea0abaa50281"
"8ae28ee417e6864df55ac738715323fa","30/11/2022 19:36:23.531675","e1523fc1db9119e6942885c28d3c0a9a","ee8988c76f84da3ff51d905cb68d5435","583a65df9db4119165f5ea0abaa50281"
"00cffa8a9375b044cb4e56fb5d260ca0","30/11/2022 19:36:32.127085","9dbe3ce34c8750df0a9d8ce0aeab5da3","3f650ff819f8cd17d87e499b60e9956b","1b4d40df9491f7200f5528db424dc2be"
"0e2ee402e68d3d8c35410eceac085231","30/11/2022 19:36:32.127085","9dbe3ce34c8750df0a9d8ce0aeab5da3","c53e5d910e733cb38c347631f00c0097","1b4d40df9491f7200f5528db424dc2be"
"d642e562f9265713f3630cf00f1d9fca","30/11/2022 19:36:32.127085","9dbe3ce34c8750df0a9d8ce0aeab5da3","a9487978c1ec9b96a46bef2687247a5d","1b4d40df9491f7200f5528db424dc2be"
"629d865b8c4cd61d73bed7bdacb7f1bd","30/11/2022 19:36:32.127085","9dbe3ce34c8750df0a9d8ce0aeab5da3","0703566acd648df87dff0f70f9de4721","1b4d40df9491f7200f5528db424dc2be"
"040057b2fb0e7fdb3b5984511ec78a7f","30/11/2022 19:36:32.127085","9dbe3ce34c8750df0a9d8ce0aeab5da3","789962d30dd0680db72aafba0ecd8e92","1b4d40df9491f7200f5528db424dc2be"
"07cf9830f481b1b4a2991842493fc5eb","30/11/2022 19:36:32.127085","9dbe3ce34c8750df0a9d8ce0aeab5da3","4128e9bfa1ac2aad09a726588027120e","1b4d40df9491f7200f5528db424dc2be"
"709b2f9123e11d8e1126bcd9f4229fcd","30/11/2022 19:36:32.127085","9dbe3ce34c8750df0a9d8ce0aeab5da3","3bf745d0adaa04747f7ffb20699822de","1b4d40df9491f7200f5528db424dc2be"
"0c6f6f6a5d044e35e523c89049b32f28","30/11/2022 19:36:32.127085","9dbe3ce34c8750df0a9d8ce0aeab5da3","2b9961e0d235a097e285138ab1f47409","1b4d40df9491f7200f5528db424dc2be"
"a025b68602d53578c8bb5e748380bd93","30/11/2022 19:36:32.127085","9dbe3ce34c8750df0a9d8ce0aeab5da3","f3e69832f44e6f9ce04aa353096f95da","1b4d40df9491f7200f5528db424dc2be"
"ec665589b48bf1c7bd2be48b34605ec6","30/11/2022 19:36:32.127085","9dbe3ce34c8750df0a9d8ce0aeab5da3","47604cc82e179cf04fae0fe2228aa060","1b4d40df9491f7200f5528db424dc2be"
