"obvnamehashkey","obvnametimestamp","obvnamerecsrc","obvname"
"c7e614c988000c7e22a6380fc0a36b2a","30/11/2022 19:36:23.531675","e1523fc1db9119e6942885c28d3c0a9a","VM0001_Moto_HBA_Probe1_Deoxy"
"f45f42ae0fc47a3647c4cb1f43187fb4","30/11/2022 19:36:23.531675","e1523fc1db9119e6942885c28d3c0a9a","VM0001_Moto_HBA_Probe1_Oxy"
"0758d1715a108b43a4c1b9a5efa0485b","30/11/2022 19:36:23.531675","e1523fc1db9119e6942885c28d3c0a9a","VM0001_Moto_MES_Probe1"
"b823376ab07bd33b8b4665d2d3ba7f90","30/11/2022 19:36:23.531675","e1523fc1db9119e6942885c28d3c0a9a","VM0001_Rest_HBA_Probe1_Deoxy"
"7838e6ce684d1df19409ee40db73e2f7","30/11/2022 19:36:23.531675","e1523fc1db9119e6942885c28d3c0a9a","VM0001_Rest_HBA_Probe1_Oxy"
"37066cea6f7d3b9450a3bfe51164e14a","30/11/2022 19:36:23.531675","e1523fc1db9119e6942885c28d3c0a9a","VM0001_Rest_MES_Probe1"
"40cf567d9dd4e066643e03775a72a5ab","30/11/2022 19:36:23.531675","e1523fc1db9119e6942885c28d3c0a9a","VM0001_ViMo_HBA_Probe1_Deoxy"
"6fd4369eac5e8204791f311f4e394ecf","30/11/2022 19:36:23.531675","e1523fc1db9119e6942885c28d3c0a9a","VM0001_ViMo_HBA_Probe1_Oxy"
"4ff169301acc181e8fe677175ae7b0fc","30/11/2022 19:36:23.531675","e1523fc1db9119e6942885c28d3c0a9a","VM0001_ViMo_MES_Probe1"
"46b60ae9d104bd2fd1b413250b3d7053","30/11/2022 19:36:23.531675","e1523fc1db9119e6942885c28d3c0a9a","VM0001_Viso_HBA_Probe1_Deoxy"
"1c1b81675937d9b81e0b7a415285226e","30/11/2022 19:36:23.531675","e1523fc1db9119e6942885c28d3c0a9a","VM0001_Viso_HBA_Probe1_Oxy"
"559857559de44824451eaa7ec55a2cb8","30/11/2022 19:36:23.531675","e1523fc1db9119e6942885c28d3c0a9a","VM0001_Viso_MES_Probe1"
"02af4c64c86309bafa15fea44e319b88","30/11/2022 19:36:23.531675","e1523fc1db9119e6942885c28d3c0a9a","VM0002_Moto_HBA_Probe1_Deoxy"
"e41b83ababf7266c9935b2b569037e9d","30/11/2022 19:36:23.531675","e1523fc1db9119e6942885c28d3c0a9a","VM0002_Moto_HBA_Probe1_Oxy"
"516f2bc586dc1ff967edad4015684bfc","30/11/2022 19:36:23.531675","e1523fc1db9119e6942885c28d3c0a9a","VM0002_Moto_MES_Probe1"
"527ae713986df7efa9a98d1c7394fc73","30/11/2022 19:36:23.531675","e1523fc1db9119e6942885c28d3c0a9a","VM0002_Rest_HBA_Probe1_Deoxy"
"04deea41204c30591ee6d2488ae19b0c","30/11/2022 19:36:23.531675","e1523fc1db9119e6942885c28d3c0a9a","VM0002_Rest_HBA_Probe1_Oxy"
"6a2884aaf99448e6112e79d8a46028aa","30/11/2022 19:36:23.531675","e1523fc1db9119e6942885c28d3c0a9a","VM0002_Rest_MES_Probe1"
"094e43a6716ac37578def5a0bef5a6e6","30/11/2022 19:36:23.531675","e1523fc1db9119e6942885c28d3c0a9a","VM0002_ViMo_HBA_Probe1_Deoxy"
"b0d14bfa121838df6284dc3d84fe6e00","30/11/2022 19:36:23.531675","e1523fc1db9119e6942885c28d3c0a9a","VM0002_ViMo_HBA_Probe1_Oxy"
"d64e985de9d958dd0245ae16d5c9301e","30/11/2022 19:36:23.531675","e1523fc1db9119e6942885c28d3c0a9a","VM0002_ViMo_MES_Probe1"
"362e836f333b4920f1a24fcb3545aa25","30/11/2022 19:36:23.531675","e1523fc1db9119e6942885c28d3c0a9a","VM0002_Viso_HBA_Probe1_Deoxy"
"ed14e888ea1cc4709e31880c5aa05d3d","30/11/2022 19:36:23.531675","e1523fc1db9119e6942885c28d3c0a9a","VM0002_Viso_HBA_Probe1_Oxy"
"45346028b6a33c5475a8421ac5efe4ab","30/11/2022 19:36:23.531675","e1523fc1db9119e6942885c28d3c0a9a","VM0002_Viso_MES_Probe1"
"adcd038026fec4b2bf215e10b6b8e2a9","30/11/2022 19:36:23.531675","e1523fc1db9119e6942885c28d3c0a9a","VM0003_Moto_HBA_Probe1_Deoxy"
"09a38956423f54ac49aff347e00871d4","30/11/2022 19:36:23.531675","e1523fc1db9119e6942885c28d3c0a9a","VM0003_Moto_HBA_Probe1_Oxy"
"9ebb7a3dd004cc69fece292bab1b6110","30/11/2022 19:36:23.531675","e1523fc1db9119e6942885c28d3c0a9a","VM0003_Moto_MES_Probe1"
"643ad6f9d575d1848161d28bb92f1480","30/11/2022 19:36:23.531675","e1523fc1db9119e6942885c28d3c0a9a","VM0003_Rest_HBA_Probe1_Deoxy"
"31ac78bfba9706eaed4c7dff906bd205","30/11/2022 19:36:23.531675","e1523fc1db9119e6942885c28d3c0a9a","VM0003_Rest_HBA_Probe1_Oxy"
"58baff8e8e891755065f6a53c4c46b4d","30/11/2022 19:36:23.531675","e1523fc1db9119e6942885c28d3c0a9a","VM0003_Rest_MES_Probe1"
"e788720b0a17bc9558b51a0237874150","30/11/2022 19:36:23.531675","e1523fc1db9119e6942885c28d3c0a9a","VM0003_ViMo_HBA_Probe1_Deoxy"
"5d1ac3c94e2763a7659105b73a035c42","30/11/2022 19:36:23.531675","e1523fc1db9119e6942885c28d3c0a9a","VM0003_ViMo_HBA_Probe1_Oxy"
"d8af9dfd1f181abb1ff77000a8735fc0","30/11/2022 19:36:23.531675","e1523fc1db9119e6942885c28d3c0a9a","VM0003_ViMo_MES_Probe1"
"4e4ab30a7c8aac56f8b922b789cb17e9","30/11/2022 19:36:23.531675","e1523fc1db9119e6942885c28d3c0a9a","VM0003_Viso_HBA_Probe1_Deoxy"
"10e7475d42cb893e660ecb549f5d5981","30/11/2022 19:36:23.531675","e1523fc1db9119e6942885c28d3c0a9a","VM0003_Viso_HBA_Probe1_Oxy"
"9eee2f6cdbc6fcee0b1f046f5a8a4552","30/11/2022 19:36:23.531675","e1523fc1db9119e6942885c28d3c0a9a","VM0003_Viso_MES_Probe1"
"600cea8ee8766b31f1adad823ba5c6b1","30/11/2022 19:36:23.531675","e1523fc1db9119e6942885c28d3c0a9a","VM0004_Moto_HBA_Probe1_Deoxy"
"b4bac58e7292ffa620b6228f6dffb6a6","30/11/2022 19:36:23.531675","e1523fc1db9119e6942885c28d3c0a9a","VM0004_Moto_HBA_Probe1_Oxy"
"fb369d4aa13bdff9754d0e8318f6dddf","30/11/2022 19:36:23.531675","e1523fc1db9119e6942885c28d3c0a9a","VM0004_Moto_MES_Probe1"
"671be722319acac03e2701bebeca8d72","30/11/2022 19:36:23.531675","e1523fc1db9119e6942885c28d3c0a9a","VM0004_Rest_HBA_Probe1_Deoxy"
"58eaf113bcd3331c3c51cfa525620842","30/11/2022 19:36:23.531675","e1523fc1db9119e6942885c28d3c0a9a","VM0004_Rest_HBA_Probe1_Oxy"
"f879ca6ce05821ba0b4a8f249ca9c83f","30/11/2022 19:36:23.531675","e1523fc1db9119e6942885c28d3c0a9a","VM0004_Rest_MES_Probe1"
"215b3c99427c83e5542db0aea07d491e","30/11/2022 19:36:23.531675","e1523fc1db9119e6942885c28d3c0a9a","VM0004_ViMo_HBA_Probe1_Deoxy"
"8379865138e73290a4f90ec48cd18abf","30/11/2022 19:36:23.531675","e1523fc1db9119e6942885c28d3c0a9a","VM0004_ViMo_HBA_Probe1_Oxy"
"9b77f72fd275e149c27480d5949867ea","30/11/2022 19:36:23.531675","e1523fc1db9119e6942885c28d3c0a9a","VM0004_ViMo_MES_Probe1"
"edb207a6417ba5f8777f73d3bb6aed04","30/11/2022 19:36:23.531675","e1523fc1db9119e6942885c28d3c0a9a","VM0004_Viso_HBA_Probe1_Deoxy"
"cba9399912cb8c0537688756dff030da","30/11/2022 19:36:23.531675","e1523fc1db9119e6942885c28d3c0a9a","VM0004_Viso_HBA_Probe1_Oxy"
"c73b8801a13f9489e167d09435860b4e","30/11/2022 19:36:23.531675","e1523fc1db9119e6942885c28d3c0a9a","VM0004_Viso_MES_Probe1"
"76e530aafa09f8bd9b418073f58692a5","30/11/2022 19:36:23.531675","e1523fc1db9119e6942885c28d3c0a9a","VM0005_Moto_HBA_Probe1_Deoxy"
"93d6d31ebcbf57dc4c8755896074678e","30/11/2022 19:36:23.531675","e1523fc1db9119e6942885c28d3c0a9a","VM0005_Moto_HBA_Probe1_Oxy"
"e4b20ccd62dc6e8425da9dda54fdfefc","30/11/2022 19:36:23.531675","e1523fc1db9119e6942885c28d3c0a9a","VM0005_Moto_MES_Probe1"
"a36ea04f84eb6ef5d0e8f8438f6710c5","30/11/2022 19:36:23.531675","e1523fc1db9119e6942885c28d3c0a9a","VM0005_Rest_HBA_Probe1_Deoxy"
"e880b34864770a3eb7b86888fc419a7b","30/11/2022 19:36:23.531675","e1523fc1db9119e6942885c28d3c0a9a","VM0005_Rest_HBA_Probe1_Oxy"
"e2008d9614f13800a8eee38dcd7526ef","30/11/2022 19:36:23.531675","e1523fc1db9119e6942885c28d3c0a9a","VM0005_Rest_MES_Probe1"
"91e6eb689e6d74764c3e6191f73ee732","30/11/2022 19:36:23.531675","e1523fc1db9119e6942885c28d3c0a9a","VM0005_ViMo_HBA_Probe1_Deoxy"
"2e4da8399e2cf97fc177916a5b8be2b4","30/11/2022 19:36:23.531675","e1523fc1db9119e6942885c28d3c0a9a","VM0005_ViMo_HBA_Probe1_Oxy"
"cfd670aad1e41fba51b54e6739ea9fe2","30/11/2022 19:36:23.531675","e1523fc1db9119e6942885c28d3c0a9a","VM0005_ViMo_MES_Probe1"
"0c9172ac5ed5f02e7842df3f1f9fd86f","30/11/2022 19:36:23.531675","e1523fc1db9119e6942885c28d3c0a9a","VM0005_Viso_HBA_Probe1_Deoxy"
"dad8e5ce45583bd9159be39df55b00bb","30/11/2022 19:36:23.531675","e1523fc1db9119e6942885c28d3c0a9a","VM0005_Viso_HBA_Probe1_Oxy"
"dcb27fc614353945637d7bcbf206073d","30/11/2022 19:36:23.531675","e1523fc1db9119e6942885c28d3c0a9a","VM0005_Viso_MES_Probe1"
"64c03cee55960e46d9311f7ee078cfa3","30/11/2022 19:36:23.531675","e1523fc1db9119e6942885c28d3c0a9a","VM0006_Moto_HBA_Probe1_Deoxy"
"b2f87febcaba6090390071c8f4f08855","30/11/2022 19:36:23.531675","e1523fc1db9119e6942885c28d3c0a9a","VM0006_Moto_HBA_Probe1_Oxy"
"8a59cf255cf76e7ba9da26608ee2f53b","30/11/2022 19:36:23.531675","e1523fc1db9119e6942885c28d3c0a9a","VM0006_Moto_MES_Probe1"
"585af0ca7ebc498f55956d6a917eb176","30/11/2022 19:36:23.531675","e1523fc1db9119e6942885c28d3c0a9a","VM0006_Rest_HBA_Probe1_Deoxy"
"45ea4ca4d96fe6a160441ac76dda18ea","30/11/2022 19:36:23.531675","e1523fc1db9119e6942885c28d3c0a9a","VM0006_Rest_HBA_Probe1_Oxy"
"22367c58016e6a33b28f68501b4d9ca0","30/11/2022 19:36:23.531675","e1523fc1db9119e6942885c28d3c0a9a","VM0006_Rest_MES_Probe1"
"d11c1024064f64dfb1cca3f9084ed0d6","30/11/2022 19:36:23.531675","e1523fc1db9119e6942885c28d3c0a9a","VM0006_ViMo_HBA_Probe1_Deoxy"
"018e2a169f686cba4ee1479e2aac89f4","30/11/2022 19:36:23.531675","e1523fc1db9119e6942885c28d3c0a9a","VM0006_ViMo_HBA_Probe1_Oxy"
"6e76dce0dbfbd9f5dc595d1ffac7d48a","30/11/2022 19:36:23.531675","e1523fc1db9119e6942885c28d3c0a9a","VM0006_ViMo_MES_Probe1"
"67f8f0ed78e5024e2390783b4ce29140","30/11/2022 19:36:23.531675","e1523fc1db9119e6942885c28d3c0a9a","VM0006_Viso_HBA_Probe1_Deoxy"
"327a7a376983820a202e81c8f599645f","30/11/2022 19:36:23.531675","e1523fc1db9119e6942885c28d3c0a9a","VM0006_Viso_HBA_Probe1_Oxy"
"8ecaa6808ac3a900dbc4a1c965be5b62","30/11/2022 19:36:23.531675","e1523fc1db9119e6942885c28d3c0a9a","VM0006_Viso_MES_Probe1"
"334ffb6072a70b41684b8eeb1367587f","30/11/2022 19:36:23.531675","e1523fc1db9119e6942885c28d3c0a9a","VM010_Viso_HBA_Probe1_Deoxy"
"de385c5a6bfea59919f2fb4b252efdfc","30/11/2022 19:36:23.531675","e1523fc1db9119e6942885c28d3c0a9a","VM010_Viso_HBA_Probe1_Oxy"
"dd2522375a753be5b4ea5890541a9882","30/11/2022 19:36:23.531675","e1523fc1db9119e6942885c28d3c0a9a","VM010_Viso_MES_Probe1"
"55c0ff12542a3109b9d9eea9566a7564","30/11/2022 19:36:32.127085","9dbe3ce34c8750df0a9d8ce0aeab5da3","NIRS-2019-10-10_001.dat"
"9dc0cd975c151a0be52e05bf144b5fb5","30/11/2022 19:36:32.127085","9dbe3ce34c8750df0a9d8ce0aeab5da3","NIRS-2019-10-10_001.wl1"
"823a633f2425b3b6cf12f0cc865b619e","30/11/2022 19:36:32.127085","9dbe3ce34c8750df0a9d8ce0aeab5da3","NIRS-2019-10-10_001.wl2"
"163bfbe9f33d20496c89395fabb4366a","30/11/2022 19:36:32.127085","9dbe3ce34c8750df0a9d8ce0aeab5da3","NIRS-2019-10-10_005.dat"
"9a2949f6e62291581fd3f6071ab7e207","30/11/2022 19:36:32.127085","9dbe3ce34c8750df0a9d8ce0aeab5da3","NIRS-2019-10-10_005.wl1"
"8313a9fdadf3f43280e33dda02e59f9f","30/11/2022 19:36:32.127085","9dbe3ce34c8750df0a9d8ce0aeab5da3","NIRS-2019-10-10_005.wl2"
"bf552b7fd1c684a92c74b176baf3a4f8","30/11/2022 19:36:32.127085","9dbe3ce34c8750df0a9d8ce0aeab5da3","NIRS-2019-10-16_005.dat"
"98f6cec499610a842b235a0195804d58","30/11/2022 19:36:32.127085","9dbe3ce34c8750df0a9d8ce0aeab5da3","NIRS-2019-10-16_005.wl1"
"e089477bbcbad42e68dfa50e67a2239a","30/11/2022 19:36:32.127085","9dbe3ce34c8750df0a9d8ce0aeab5da3","NIRS-2019-10-16_005.wl2"
"9b4fc3446b7b5e901ae2c5920cb4ce8b","30/11/2022 19:36:32.127085","9dbe3ce34c8750df0a9d8ce0aeab5da3","NIRS-2019-10-16_004.dat"
"e2ec02dabdef2da229fe2f2b4211bd6c","30/11/2022 19:36:32.127085","9dbe3ce34c8750df0a9d8ce0aeab5da3","NIRS-2019-10-16_004.wl1"
"e598364c8461a99d9341c9f9cb85f2a6","30/11/2022 19:36:32.127085","9dbe3ce34c8750df0a9d8ce0aeab5da3","NIRS-2019-10-16_004.wl2"
"32126cca1e6604770b5830ed9f57b411","30/11/2022 19:36:32.127085","9dbe3ce34c8750df0a9d8ce0aeab5da3","NIRS-2019-10-17_001.dat"
"66467ae7c1300b4556dd138c0941f32c","30/11/2022 19:36:32.127085","9dbe3ce34c8750df0a9d8ce0aeab5da3","NIRS-2019-10-17_001.wl1"
"7e4a88c0ba0fc85dde1592e00bb06300","30/11/2022 19:36:32.127085","9dbe3ce34c8750df0a9d8ce0aeab5da3","NIRS-2019-10-17_001.wl2"
"f19a61c9fdd82251566bfdaa9cd0238a","30/11/2022 19:36:32.127085","9dbe3ce34c8750df0a9d8ce0aeab5da3","NIRS-2019-10-17_002.dat"
"f48eede6f99226dd16aaeda1661adf42","30/11/2022 19:36:32.127085","9dbe3ce34c8750df0a9d8ce0aeab5da3","NIRS-2019-10-17_002.wl1"
"af912f5875bbe0101003fd2494965aed","30/11/2022 19:36:32.127085","9dbe3ce34c8750df0a9d8ce0aeab5da3","NIRS-2019-10-17_002.wl2"
"2c16c97a12fd891e76c64d28bc6be183","30/11/2022 19:36:32.127085","9dbe3ce34c8750df0a9d8ce0aeab5da3","NIRS-2019-10-17_004.dat"
"8fc32965e863845cd977f160a718f87a","30/11/2022 19:36:32.127085","9dbe3ce34c8750df0a9d8ce0aeab5da3","NIRS-2019-10-17_004.wl1"
"c00cc774a16bb00be28c97251893fda7","30/11/2022 19:36:32.127085","9dbe3ce34c8750df0a9d8ce0aeab5da3","NIRS-2019-10-17_004.wl2"
"292d2b5a272c541e404a6bcfd84641d3","30/11/2022 19:36:32.127085","9dbe3ce34c8750df0a9d8ce0aeab5da3","NIRS-2019-10-17_005.dat"
"a902a1b25f7daf24239b48f9a99f4579","30/11/2022 19:36:32.127085","9dbe3ce34c8750df0a9d8ce0aeab5da3","NIRS-2019-10-17_005.wl1"
"14db5053789a0ab6e6cb1ad01c436b36","30/11/2022 19:36:32.127085","9dbe3ce34c8750df0a9d8ce0aeab5da3","NIRS-2019-10-17_005.wl2"
"2759546117724e71fc2b6fe91b4981f5","30/11/2022 19:36:32.127085","9dbe3ce34c8750df0a9d8ce0aeab5da3","NIRS-2019-10-17_014.dat"
"031bc635a431df1a4143fa0bacc3cde6","30/11/2022 19:36:32.127085","9dbe3ce34c8750df0a9d8ce0aeab5da3","NIRS-2019-10-17_014.wl1"
"f6f2ca1225cf92aa3381c80992a9ff35","30/11/2022 19:36:32.127085","9dbe3ce34c8750df0a9d8ce0aeab5da3","NIRS-2019-10-17_014.wl2"
"961c8d4e7345f7d291b6f479f75ec572","30/11/2022 19:36:32.127085","9dbe3ce34c8750df0a9d8ce0aeab5da3","NIRS-2019-10-17_011.dat"
"1cd807f27edf395a811b1a077cb0a5d4","30/11/2022 19:36:32.127085","9dbe3ce34c8750df0a9d8ce0aeab5da3","NIRS-2019-10-17_011.wl1"
"9489dfc1f44038e813a74e54f8e6f1dc","30/11/2022 19:36:32.127085","9dbe3ce34c8750df0a9d8ce0aeab5da3","NIRS-2019-10-17_011.wl2"
"7dae9d566cee2dadf57c07538893e1cb","30/11/2022 19:36:32.127085","9dbe3ce34c8750df0a9d8ce0aeab5da3","NIRS-2019-10-18_001.dat"
"a9bd16a1d521ef0619ae9f24593b418d","30/11/2022 19:36:32.127085","9dbe3ce34c8750df0a9d8ce0aeab5da3","NIRS-2019-10-18_001.wl1"
"1a5b07c7001cabff50e3485f05d64d2f","30/11/2022 19:36:32.127085","9dbe3ce34c8750df0a9d8ce0aeab5da3","NIRS-2019-10-18_001.wl2"
"9deafcf01c36f64c7d8bcdd2914db346","30/11/2022 19:36:32.127085","9dbe3ce34c8750df0a9d8ce0aeab5da3","NIRS-2019-10-18_002.dat"
"4b4e14e4c02f1c0cb86218a0c21f6131","30/11/2022 19:36:32.127085","9dbe3ce34c8750df0a9d8ce0aeab5da3","NIRS-2019-10-18_002.wl1"
"7cae3ffdd31023de6bebcad3c1ae1b31","30/11/2022 19:36:32.127085","9dbe3ce34c8750df0a9d8ce0aeab5da3","NIRS-2019-10-18_002.wl2"
"d19d8009d57653674833b6fb47e30199","30/11/2022 19:36:32.127085","9dbe3ce34c8750df0a9d8ce0aeab5da3","NIRS-2019-10-18_005.dat"
"6f5cee87a313d33acd4847b11b398a36","30/11/2022 19:36:32.127085","9dbe3ce34c8750df0a9d8ce0aeab5da3","NIRS-2019-10-18_005.wl1"
"4d2583e6aca989e3819081d33e32ab03","30/11/2022 19:36:32.127085","9dbe3ce34c8750df0a9d8ce0aeab5da3","NIRS-2019-10-18_005.wl2"
"72480a8241c7bb76f79d4a47c09f0608","30/11/2022 19:36:32.127085","9dbe3ce34c8750df0a9d8ce0aeab5da3","NIRS-2019-10-18_006.dat"
"f37162c63f1770cdc478ed694a83034c","30/11/2022 19:36:32.127085","9dbe3ce34c8750df0a9d8ce0aeab5da3","NIRS-2019-10-18_006.wl1"
"41a274b6ce3bff7dd7515232f645a6f2","30/11/2022 19:36:32.127085","9dbe3ce34c8750df0a9d8ce0aeab5da3","NIRS-2019-10-18_006.wl2"
"e49957edb042f3ae58900939bd90a97f","30/11/2022 19:36:32.127085","9dbe3ce34c8750df0a9d8ce0aeab5da3","NIRS-2019-10-18_009.dat"
"e68d1d52bf5b6408232ed7a20ca2eb1f","30/11/2022 19:36:32.127085","9dbe3ce34c8750df0a9d8ce0aeab5da3","NIRS-2019-10-18_009.wl1"
"a63dc1c9b174cc7476aaf10fde84a245","30/11/2022 19:36:32.127085","9dbe3ce34c8750df0a9d8ce0aeab5da3","NIRS-2019-10-18_009.wl2"
"72176fc47f684b2376cc9c6a917de477","30/11/2022 19:36:32.127085","9dbe3ce34c8750df0a9d8ce0aeab5da3","NIRS-2019-10-18_010.dat"
"48253c0714e4a1c57e8ce000e6f065a7","30/11/2022 19:36:32.127085","9dbe3ce34c8750df0a9d8ce0aeab5da3","NIRS-2019-10-18_010.wl1"
"9fa2547087bb387002eef4724809b868","30/11/2022 19:36:32.127085","9dbe3ce34c8750df0a9d8ce0aeab5da3","NIRS-2019-10-18_010.wl2"
"87ebf1689de46b94e9299ad719a8dd46","30/11/2022 19:36:32.127085","9dbe3ce34c8750df0a9d8ce0aeab5da3","NIRS-2019-10-21_003.dat"
"60267cf46be305c4fb4ccc7387156711","30/11/2022 19:36:32.127085","9dbe3ce34c8750df0a9d8ce0aeab5da3","NIRS-2019-10-21_003.wl1"
"a1256fb4e4a26b056096bfd2ae8b0ec2","30/11/2022 19:36:32.127085","9dbe3ce34c8750df0a9d8ce0aeab5da3","NIRS-2019-10-21_003.wl2"
"56183cc23e38cce29694491093437504","30/11/2022 19:36:32.127085","9dbe3ce34c8750df0a9d8ce0aeab5da3","NIRS-2019-10-21_002.dat"
"a8468787f0ba4377d669d3149aa45a34","30/11/2022 19:36:32.127085","9dbe3ce34c8750df0a9d8ce0aeab5da3","NIRS-2019-10-21_002.wl1"
"366e47d07268ecb16393eda5f2f83cc1","30/11/2022 19:36:32.127085","9dbe3ce34c8750df0a9d8ce0aeab5da3","NIRS-2019-10-21_002.wl2"
"cdc384b9fd55606dece14671cce67102","30/11/2022 19:36:32.127085","9dbe3ce34c8750df0a9d8ce0aeab5da3","NIRS-2019-10-21_008.dat"
"384fd4e3ad567458b352e9bed3513811","30/11/2022 19:36:32.127085","9dbe3ce34c8750df0a9d8ce0aeab5da3","NIRS-2019-10-21_008.wl1"
"ae6f4946bcd1a60ec741b11cfd5c5302","30/11/2022 19:36:32.127085","9dbe3ce34c8750df0a9d8ce0aeab5da3","NIRS-2019-10-21_008.wl2"
"da5a0f4d842f29f4af11864f6e60dcd5","30/11/2022 19:36:32.127085","9dbe3ce34c8750df0a9d8ce0aeab5da3","NIRS-2019-10-21_009.dat"
"b91cccdaefc332c32ee95ce66072161d","30/11/2022 19:36:32.127085","9dbe3ce34c8750df0a9d8ce0aeab5da3","NIRS-2019-10-21_009.wl1"
"ec9108fb24f1711ad963d7e9875e46cd","30/11/2022 19:36:32.127085","9dbe3ce34c8750df0a9d8ce0aeab5da3","NIRS-2019-10-21_009.wl2"
